/*******************************************************************************
 * Size: 14 px
 * Bpp: 4
 * Opts: --no-compress --no-prefilter --bpp 4 --size 14 --font /tmp/fontcheck/press_start.ttf -r 0x20-0x7F,0xB0,0x2022,0x400-0x45F --font /tmp/lvgl/scripts/built_in_font/FontAwesome5-Solid+Brands+Regular.woff -r 61441,61448,61451,61452,61452,61453,61457,61459,61461,61465,61468,61473,61478,61479,61480,61502,61507,61512,61515,61516,61517,61521,61522,61523,61524,61543,61544,61550,61552,61553,61556,61559,61560,61561,61563,61587,61589,61636,61637,61639,61641,61664,61671,61674,61683,61724,61732,61787,61931,62016,62017,62018,62019,62020,62087,62099,62212,62189,62810,63426,63650 --format lvgl -o /tmp/pixelfonttest/ru_pixel_14.c --force-fast-kern-format
 ******************************************************************************/

#ifdef LV_LVGL_H_INCLUDE_SIMPLE
#include "lvgl.h"
#else
#include "lvgl/lvgl.h"
#endif

#ifndef RU_PIXEL_14
#define RU_PIXEL_14 1
#endif

#if RU_PIXEL_14

/*-----------------
 *    BITMAPS
 *----------------*/

/*Store the image of the glyphs*/
static LV_ATTRIBUTE_LARGE_CONST const uint8_t glyph_bitmap[] = {
    /* U+0020 " " */

    /* U+0021 "!" */
    0x8f, 0xff, 0xfc, 0x8f, 0xff, 0xfc, 0x8f, 0xff,
    0xfc, 0x8f, 0xff, 0xfc, 0x8f, 0xff, 0xfc, 0x8f,
    0xff, 0x86, 0x8f, 0xff, 0x0, 0x8f, 0xff, 0x0,
    0x8f, 0xff, 0x0, 0x24, 0x44, 0x0, 0x0, 0x0,
    0x0, 0x6d, 0xdd, 0x0, 0x8f, 0xff, 0x0,

    /* U+0022 "\"" */
    0x4f, 0xff, 0x40, 0xff, 0xf8, 0x4f, 0xff, 0x40,
    0xff, 0xf8, 0x4f, 0xff, 0x40, 0xff, 0xf8, 0x4f,
    0xff, 0x40, 0xff, 0xf8, 0x4f, 0xff, 0x40, 0xff,
    0xf8, 0x28, 0x88, 0x20, 0x88, 0x84,

    /* U+0023 "#" */
    0x4, 0xff, 0xf4, 0xf, 0xff, 0x80, 0x0, 0x4f,
    0xff, 0x40, 0xff, 0xf8, 0x0, 0xff, 0xff, 0xff,
    0xff, 0xff, 0xff, 0x4d, 0xdf, 0xff, 0xdd, 0xff,
    0xfe, 0xd3, 0x4, 0xff, 0xf4, 0xf, 0xff, 0x80,
    0x0, 0x4f, 0xff, 0x40, 0xff, 0xf8, 0x0, 0x4,
    0xff, 0xf4, 0xf, 0xff, 0x80, 0x0, 0x4f, 0xff,
    0x40, 0xff, 0xf8, 0x0, 0x4, 0xff, 0xf4, 0xf,
    0xff, 0x80, 0xd, 0xdf, 0xff, 0xdd, 0xff, 0xfe,
    0xd3, 0xff, 0xff, 0xff, 0xff, 0xff, 0xff, 0x40,
    0x4f, 0xff, 0x40, 0xff, 0xf8, 0x0, 0x4, 0xff,
    0xf4, 0xf, 0xff, 0x80, 0x0,

    /* U+0024 "$" */
    0x0, 0x0, 0xc, 0xf0, 0x0, 0x0, 0x0, 0x0,
    0x0, 0xcf, 0x0, 0x0, 0x0, 0x4, 0xff, 0xff,
    0xff, 0xff, 0x80, 0x0, 0x4f, 0xed, 0xff, 0xdd,
    0xd6, 0x0, 0xff, 0xf8, 0xc, 0xf0, 0x0, 0x0,
    0xd, 0xdf, 0x80, 0xcf, 0x0, 0x0, 0x0, 0x4,
    0xff, 0xff, 0xff, 0xff, 0x80, 0x0, 0x2, 0x22,
    0xcf, 0x26, 0xfe, 0xd3, 0x0, 0x0, 0xc, 0xf0,
    0x4f, 0xff, 0x4d, 0xdd, 0xdd, 0xff, 0xdd, 0xf8,
    0x0, 0xff, 0xff, 0xff, 0xff, 0xff, 0x80, 0x0,
    0x0, 0x0, 0xcf, 0x0, 0x0, 0x0, 0x0, 0x0,
    0xc, 0xf0, 0x0, 0x0, 0x0,

    /* U+0025 "%" */
    0x4, 0xff, 0xf4, 0x0, 0x0, 0x8f, 0x40, 0x3d,
    0xef, 0x40, 0x0, 0x6, 0xd3, 0xfc, 0x8, 0xf4,
    0x0, 0x4f, 0x80, 0xf, 0xc0, 0x6d, 0x30, 0x3,
    0xd6, 0x0, 0xff, 0xf8, 0x0, 0xf, 0xc0, 0x0,
    0xd, 0xdd, 0x60, 0x0, 0xd9, 0x0, 0x0, 0x0,
    0x0, 0xc, 0xf0, 0x0, 0x0, 0x0, 0x0, 0x6d,
    0x52, 0x3, 0xdd, 0xd3, 0x0, 0x8, 0xf4, 0x0,
    0x4f, 0xff, 0x40, 0x3d, 0x60, 0x0, 0xd9, 0x8,
    0xf4, 0x4, 0xf8, 0x0, 0xf, 0xc0, 0x8f, 0x4d,
    0xa0, 0x0, 0x0, 0xff, 0xd6, 0x0, 0xfc, 0x0,
    0x0, 0xf, 0xff, 0x80, 0x0,

    /* U+0026 "&" */
    0x4, 0xff, 0xff, 0xf0, 0x0, 0x0, 0x0, 0x4f,
    0xed, 0xff, 0x0, 0x0, 0x0, 0xff, 0xf8, 0xc,
    0xff, 0xc0, 0x0, 0xf, 0xff, 0x80, 0xcf, 0xfc,
    0x0, 0x0, 0xff, 0xf8, 0xc, 0xff, 0xc0, 0x0,
    0xa, 0xbf, 0x80, 0xcf, 0xa7, 0x0, 0x0, 0x4,
    0xff, 0xff, 0xf0, 0x0, 0x0, 0xa, 0xbf, 0xa5,
    0xdf, 0xa7, 0x5, 0xa2, 0xff, 0xf8, 0xc, 0xff,
    0xc0, 0x8f, 0x4f, 0xff, 0x80, 0x22, 0xff, 0xd8,
    0x20, 0xff, 0xf8, 0x0, 0xf, 0xff, 0x80, 0x0,
    0x4f, 0xed, 0xdd, 0xff, 0xfe, 0xd3, 0x4, 0xff,
    0xff, 0xff, 0xff, 0xff, 0x40,

    /* U+0027 "'" */
    0x8f, 0xff, 0x8f, 0xff, 0x8f, 0xff, 0x8f, 0xff,
    0x8f, 0xff, 0x48, 0x88,

    /* U+0028 "(" */
    0x0, 0x0, 0xff, 0xf8, 0x0, 0x0, 0xff, 0xd6,
    0x0, 0xcf, 0xfc, 0x0, 0x0, 0xcf, 0xfc, 0x0,
    0x8f, 0xff, 0x0, 0x0, 0x8f, 0xff, 0x0, 0x0,
    0x8f, 0xff, 0x0, 0x0, 0x8f, 0xff, 0x0, 0x0,
    0x8f, 0xff, 0x0, 0x0, 0x48, 0xef, 0x86, 0x0,
    0x0, 0xcf, 0xfc, 0x0, 0x0, 0x12, 0xff, 0xd6,
    0x0, 0x0, 0xff, 0xf8,

    /* U+0029 ")" */
    0x4f, 0xff, 0x40, 0x0, 0x3d, 0xef, 0x40, 0x0,
    0x0, 0x8f, 0xff, 0x0, 0x0, 0x8f, 0xff, 0x0,
    0x0, 0x0, 0xcf, 0xfc, 0x0, 0x0, 0xcf, 0xfc,
    0x0, 0x0, 0xcf, 0xfc, 0x0, 0x0, 0xcf, 0xfc,
    0x0, 0x0, 0xcf, 0xfc, 0x0, 0x48, 0xef, 0x86,
    0x0, 0x8f, 0xff, 0x0, 0x3d, 0xef, 0x52, 0x0,
    0x4f, 0xff, 0x40, 0x0,

    /* U+002A "*" */
    0x3, 0xdd, 0xd3, 0xd, 0xdd, 0x60, 0x0, 0x4f,
    0xff, 0x40, 0xff, 0xf8, 0x0, 0x0, 0x8, 0xff,
    0xff, 0xc0, 0x0, 0x0, 0x0, 0x8f, 0xff, 0xfc,
    0x0, 0x0, 0xff, 0xff, 0xff, 0xff, 0xff, 0xff,
    0x4d, 0xdd, 0xef, 0xff, 0xff, 0xdd, 0xd3, 0x0,
    0x8, 0xff, 0xff, 0xc0, 0x0, 0x0, 0x3d, 0xef,
    0xa8, 0xff, 0xd6, 0x0, 0x4, 0xff, 0xf4, 0xf,
    0xff, 0x80, 0x0,

    /* U+002B "+" */
    0x0, 0x0, 0x12, 0x21, 0x0, 0x0, 0x0, 0x0,
    0xcf, 0xfc, 0x0, 0x0, 0x0, 0x0, 0xcf, 0xfc,
    0x0, 0x0, 0x0, 0x0, 0xcf, 0xfc, 0x0, 0x0,
    0x3d, 0xdd, 0xff, 0xff, 0xdd, 0xd3, 0x4f, 0xff,
    0xff, 0xff, 0xff, 0xf4, 0x0, 0x0, 0xcf, 0xfc,
    0x0, 0x0, 0x0, 0x0, 0xcf, 0xfc, 0x0, 0x0,
    0x0, 0x0, 0xcf, 0xfc, 0x0, 0x0, 0x0, 0x0,
    0xcf, 0xfc, 0x0, 0x0,

    /* U+002C "," */
    0x0, 0x5a, 0xaa, 0x0, 0x8f, 0xff, 0x0, 0x8f,
    0xff, 0x0, 0x8f, 0xff, 0x3d, 0xef, 0x40, 0x4f,
    0xff, 0x40,

    /* U+002D "-" */
    0x3d, 0xdd, 0xdd, 0xdd, 0xdd, 0xd3, 0x4f, 0xff,
    0xff, 0xff, 0xff, 0xf4,

    /* U+002E "." */
    0x5a, 0xaa, 0x8f, 0xff, 0x8f, 0xff, 0x8f, 0xff,

    /* U+002F "/" */
    0x0, 0x0, 0x0, 0x0, 0x0, 0x8f, 0x40, 0x0,
    0x0, 0x0, 0x0, 0x6, 0xd3, 0x0, 0x0, 0x0,
    0x0, 0x4f, 0x80, 0x0, 0x0, 0x0, 0x0, 0x3,
    0xd6, 0x0, 0x0, 0x0, 0x0, 0xf, 0xc0, 0x0,
    0x0, 0x0, 0x0, 0x0, 0xd9, 0x0, 0x0, 0x0,
    0x0, 0xc, 0xf0, 0x0, 0x0, 0x0, 0x0, 0x6d,
    0x52, 0x0, 0x0, 0x0, 0x0, 0x8, 0xf4, 0x0,
    0x0, 0x0, 0x0, 0x3d, 0x60, 0x0, 0x0, 0x0,
    0x0, 0x4, 0xf8, 0x0, 0x0, 0x0, 0x0, 0xd,
    0xa0, 0x0, 0x0, 0x0, 0x0, 0x0, 0xfc, 0x0,
    0x0, 0x0, 0x0, 0x0, 0x0,

    /* U+0030 "0" */
    0x0, 0x8, 0xff, 0xff, 0xc0, 0x0, 0x0, 0x0,
    0x6d, 0xdd, 0xfc, 0x0, 0x0, 0x4, 0xf8, 0x0,
    0xf, 0xff, 0x80, 0x0, 0x4f, 0x80, 0x0, 0xff,
    0xf8, 0x0, 0xff, 0xf8, 0x0, 0x0, 0x4f, 0xff,
    0x4f, 0xff, 0x80, 0x0, 0x4, 0xff, 0xf4, 0xff,
    0xf8, 0x0, 0x0, 0x4f, 0xff, 0x4f, 0xff, 0x80,
    0x0, 0x4, 0xff, 0xf4, 0xff, 0xf8, 0x0, 0x0,
    0x4f, 0xff, 0x48, 0xaf, 0xc8, 0x20, 0x4, 0xfc,
    0x82, 0x4, 0xff, 0xf4, 0x0, 0x4f, 0x80, 0x0,
    0x2, 0x9f, 0xed, 0xda, 0x21, 0x0, 0x0, 0x8,
    0xff, 0xff, 0xc0, 0x0, 0x0,

    /* U+0031 "1" */
    0x0, 0x0, 0xcf, 0xfc, 0x0, 0x0, 0x0, 0x0,
    0xcf, 0xfc, 0x0, 0x0, 0x0, 0x8f, 0xff, 0xfc,
    0x0, 0x0, 0x0, 0x6d, 0xff, 0xfc, 0x0, 0x0,
    0x0, 0x0, 0xcf, 0xfc, 0x0, 0x0, 0x0, 0x0,
    0xcf, 0xfc, 0x0, 0x0, 0x0, 0x0, 0xcf, 0xfc,
    0x0, 0x0, 0x0, 0x0, 0xcf, 0xfc, 0x0, 0x0,
    0x0, 0x0, 0xcf, 0xfc, 0x0, 0x0, 0x0, 0x0,
    0xcf, 0xfc, 0x0, 0x0, 0x0, 0x0, 0xcf, 0xfc,
    0x0, 0x0, 0x3d, 0xdd, 0xff, 0xff, 0xdd, 0xd3,
    0x4f, 0xff, 0xff, 0xff, 0xff, 0xf4,

    /* U+0032 "2" */
    0x4, 0xff, 0xff, 0xff, 0xff, 0x80, 0x0, 0x4f,
    0xed, 0xdd, 0xde, 0xf8, 0x0, 0xff, 0xf8, 0x0,
    0x0, 0x4f, 0xff, 0x4d, 0xdd, 0x60, 0x0, 0x4,
    0xff, 0xf4, 0x0, 0x0, 0x0, 0xf, 0xff, 0xff,
    0x40, 0x0, 0x5a, 0xaa, 0xff, 0xfa, 0x51, 0x0,
    0x8, 0xff, 0xff, 0xff, 0x80, 0x0, 0x3d, 0xef,
    0xff, 0xfc, 0x21, 0x0, 0x4, 0xff, 0xff, 0xff,
    0xc0, 0x0, 0xf, 0xff, 0xff, 0x40, 0x0, 0x0,
    0x0, 0xff, 0xff, 0xf4, 0x0, 0x0, 0x0, 0xf,
    0xff, 0xff, 0xed, 0xdd, 0xdd, 0xd3, 0xff, 0xff,
    0xff, 0xff, 0xff, 0xff, 0x40,

    /* U+0033 "3" */
    0x4, 0xff, 0xff, 0xff, 0xff, 0xff, 0x40, 0x3d,
    0xdd, 0xdd, 0xff, 0xfe, 0xd3, 0x0, 0x0, 0x0,
    0xf, 0xff, 0x80, 0x0, 0x0, 0x0, 0x0, 0xff,
    0xf8, 0x0, 0x0, 0x0, 0xc, 0xff, 0xc0, 0x0,
    0x0, 0x0, 0x0, 0xcf, 0xfc, 0x0, 0x0, 0x0,
    0x8, 0xff, 0xff, 0xff, 0x80, 0x0, 0x0, 0x25,
    0x55, 0x58, 0xfd, 0xa2, 0x0, 0x0, 0x0, 0x0,
    0x4f, 0xff, 0x4d, 0xdd, 0x60, 0x0, 0x4, 0xff,
    0xf4, 0xff, 0xf8, 0x0, 0x0, 0x4f, 0xff, 0x40,
    0x4f, 0xed, 0xdd, 0xde, 0xf8, 0x0, 0x4, 0xff,
    0xff, 0xff, 0xff, 0x80, 0x0,

    /* U+0034 "4" */
    0x0, 0x0, 0xc, 0xff, 0xff, 0x80, 0x0, 0x0,
    0x0, 0xcf, 0xff, 0xf8, 0x0, 0x0, 0x8, 0xff,
    0xff, 0xff, 0x80, 0x0, 0x0, 0x8f, 0xca, 0xff,
    0xf8, 0x0, 0x4, 0xff, 0xf4, 0xf, 0xff, 0x80,
    0x5, 0x8f, 0xda, 0x20, 0xff, 0xf8, 0x0, 0xff,
    0xf8, 0x0, 0xf, 0xff, 0x80, 0xf, 0xff, 0xed,
    0xdd, 0xff, 0xfe, 0xd3, 0xff, 0xff, 0xff, 0xff,
    0xff, 0xff, 0x40, 0x0, 0x0, 0x0, 0xff, 0xf8,
    0x0, 0x0, 0x0, 0x0, 0xf, 0xff, 0x80, 0x0,
    0x0, 0x0, 0x0, 0xff, 0xf8, 0x0, 0x0, 0x0,
    0x0, 0xf, 0xff, 0x80, 0x0,

    /* U+0035 "5" */
    0xff, 0xff, 0xff, 0xff, 0xff, 0x80, 0xf, 0xff,
    0xed, 0xdd, 0xdd, 0xd6, 0x0, 0xff, 0xf8, 0x0,
    0x0, 0x0, 0x0, 0xf, 0xff, 0x80, 0x0, 0x0,
    0x0, 0x0, 0xff, 0xff, 0xff, 0xff, 0xff, 0x80,
    0xd, 0xdd, 0xdd, 0xdd, 0xdd, 0xfc, 0x82, 0x0,
    0x0, 0x0, 0x0, 0x4f, 0xff, 0x40, 0x0, 0x0,
    0x0, 0x4, 0xff, 0xf4, 0x0, 0x0, 0x0, 0x0,
    0x4f, 0xff, 0x4d, 0xdd, 0x60, 0x0, 0x4, 0xff,
    0xf4, 0xff, 0xf8, 0x0, 0x0, 0x4f, 0xff, 0x40,
    0x4f, 0xed, 0xdd, 0xde, 0xf8, 0x0, 0x4, 0xff,
    0xff, 0xff, 0xff, 0x80, 0x0,

    /* U+0036 "6" */
    0x0, 0x8, 0xff, 0xff, 0xff, 0x80, 0x0, 0x2,
    0x9f, 0xed, 0xdd, 0xd6, 0x0, 0x4, 0xff, 0xf4,
    0x0, 0x0, 0x0, 0x0, 0x4f, 0xff, 0x40, 0x0,
    0x0, 0x0, 0xff, 0xf8, 0x0, 0x0, 0x0, 0x0,
    0xf, 0xff, 0x80, 0x0, 0x0, 0x0, 0x0, 0xff,
    0xff, 0xff, 0xff, 0xff, 0x80, 0xf, 0xff, 0xda,
    0xaa, 0xac, 0xfa, 0x51, 0xff, 0xf8, 0x0, 0x0,
    0x4f, 0xff, 0x4f, 0xff, 0x80, 0x0, 0x4, 0xff,
    0xf4, 0xff, 0xf8, 0x0, 0x0, 0x4f, 0xff, 0x45,
    0x7f, 0xed, 0xdd, 0xde, 0xfa, 0x51, 0x4, 0xff,
    0xff, 0xff, 0xff, 0x80, 0x0,

    /* U+0037 "7" */
    0xff, 0xff, 0xff, 0xff, 0xff, 0xff, 0x4f, 0xff,
    0xed, 0xdd, 0xde, 0xff, 0xf4, 0xff, 0xf8, 0x0,
    0x0, 0x4f, 0xff, 0x4f, 0xff, 0x80, 0x0, 0x4,
    0xff, 0xf4, 0x0, 0x0, 0x0, 0xf, 0xff, 0x80,
    0x0, 0x0, 0x0, 0x22, 0xff, 0xd6, 0x0, 0x0,
    0x0, 0xc, 0xff, 0xc0, 0x0, 0x0, 0x0, 0x48,
    0xef, 0xa8, 0x0, 0x0, 0x0, 0x8, 0xff, 0xf0,
    0x0, 0x0, 0x0, 0x0, 0x8f, 0xff, 0x0, 0x0,
    0x0, 0x0, 0x8, 0xff, 0xf0, 0x0, 0x0, 0x0,
    0x0, 0x8f, 0xff, 0x0, 0x0, 0x0, 0x0, 0x8,
    0xff, 0xf0, 0x0, 0x0, 0x0,

    /* U+0038 "8" */
    0x4, 0xff, 0xff, 0xff, 0xc0, 0x0, 0x0, 0x4f,
    0xed, 0xdd, 0xda, 0x0, 0x0, 0xff, 0xf8, 0x0,
    0x0, 0x4f, 0x80, 0xf, 0xff, 0x80, 0x0, 0x4,
    0xf8, 0x0, 0xff, 0xff, 0xf4, 0x0, 0x4f, 0x80,
    0x5, 0x7f, 0xff, 0xca, 0xa9, 0x52, 0x0, 0x4,
    0xff, 0xff, 0xff, 0xc0, 0x0, 0xa, 0xaa, 0xaa,
    0xef, 0xfe, 0xaa, 0xa2, 0xfc, 0x0, 0xc, 0xff,
    0xff, 0xff, 0x4f, 0xc0, 0x0, 0x0, 0x4, 0xff,
    0xf4, 0xfc, 0x0, 0x0, 0x0, 0x4f, 0xff, 0x40,
    0x3d, 0xdd, 0xdd, 0xde, 0xf8, 0x0, 0x4, 0xff,
    0xff, 0xff, 0xff, 0x80, 0x0,

    /* U+0039 "9" */
    0x4, 0xff, 0xff, 0xff, 0xff, 0x80, 0x0, 0x4f,
    0xed, 0xdd, 0xde, 0xf8, 0x0, 0xff, 0xf8, 0x0,
    0x0, 0x4f, 0xff, 0x4f, 0xff, 0x80, 0x0, 0x4,
    0xff, 0xf4, 0xff, 0xf8, 0x0, 0x0, 0x4f, 0xff,
    0x4a, 0xbf, 0x80, 0x0, 0x4, 0xff, 0xf4, 0x4,
    0xff, 0xff, 0xff, 0xff, 0xff, 0x40, 0x3d, 0xdd,
    0xdd, 0xde, 0xff, 0xf4, 0x0, 0x0, 0x0, 0x0,
    0x4f, 0xff, 0x40, 0x0, 0x0, 0x0, 0xac, 0xfa,
    0x51, 0x0, 0x0, 0x0, 0xf, 0xff, 0x80, 0x0,
    0x3d, 0xdd, 0xdd, 0xfc, 0x21, 0x0, 0x4, 0xff,
    0xff, 0xff, 0xc0, 0x0, 0x0,

    /* U+003A ":" */
    0x8f, 0xff, 0x8f, 0xff, 0x8f, 0xff, 0x5a, 0xaa,
    0x0, 0x0, 0x5a, 0xaa, 0x8f, 0xff, 0x8f, 0xff,
    0x8f, 0xff,

    /* U+003B ";" */
    0x0, 0x8f, 0xff, 0x0, 0x8f, 0xff, 0x0, 0x8f,
    0xff, 0x0, 0x5a, 0xaa, 0x0, 0x0, 0x0, 0x0,
    0x5a, 0xaa, 0x0, 0x8f, 0xff, 0x0, 0x8f, 0xff,
    0x0, 0x8f, 0xff, 0x3d, 0xef, 0x40, 0x4f, 0xff,
    0x40,

    /* U+003C "<" */
    0x0, 0x0, 0x0, 0xff, 0xf8, 0x0, 0x0, 0x0,
    0xff, 0xd6, 0x0, 0x0, 0xcf, 0xfc, 0x0, 0x0,
    0x0, 0xcf, 0xfc, 0x0, 0x0, 0x8f, 0xff, 0x0,
    0x0, 0x0, 0x8f, 0xba, 0x0, 0x0, 0x4f, 0xff,
    0x40, 0x0, 0x0, 0x15, 0xaf, 0xba, 0x0, 0x0,
    0x0, 0x8f, 0xff, 0x0, 0x0, 0x0, 0x48, 0xef,
    0x86, 0x0, 0x0, 0x0, 0xcf, 0xfc, 0x0, 0x0,
    0x0, 0x0, 0xff, 0xd6, 0x0, 0x0, 0x0, 0xff,
    0xf8,

    /* U+003D "=" */
    0xff, 0xff, 0xff, 0xff, 0xff, 0xff, 0x4d, 0xdd,
    0xdd, 0xdd, 0xdd, 0xdd, 0xd3, 0x0, 0x0, 0x0,
    0x0, 0x0, 0x0, 0x0, 0x0, 0x0, 0x0, 0x0,
    0x0, 0x0, 0xff, 0xff, 0xff, 0xff, 0xff, 0xff,
    0x4d, 0xdd, 0xdd, 0xdd, 0xdd, 0xdd, 0xd3,

    /* U+003E ">" */
    0x4f, 0xff, 0x40, 0x0, 0x0, 0x3d, 0xef, 0x40,
    0x0, 0x0, 0x0, 0x8f, 0xff, 0x0, 0x0, 0x0,
    0x8f, 0xff, 0x0, 0x0, 0x0, 0x0, 0xcf, 0xfc,
    0x0, 0x0, 0x0, 0x7a, 0xfc, 0x0, 0x0, 0x0,
    0x0, 0xff, 0xf8, 0x0, 0x0, 0x7a, 0xfd, 0x52,
    0x0, 0x0, 0xcf, 0xfc, 0x0, 0x0, 0x48, 0xef,
    0x86, 0x0, 0x0, 0x8f, 0xff, 0x0, 0x0, 0x3d,
    0xef, 0x40, 0x0, 0x0, 0x4f, 0xff, 0x40, 0x0,
    0x0,

    /* U+003F "?" */
    0x4, 0xff, 0xff, 0xff, 0xff, 0x80, 0x0, 0x4f,
    0xff, 0xff, 0xff, 0xf8, 0x0, 0xff, 0xff, 0xff,
    0xff, 0xff, 0xff, 0x4f, 0xff, 0xda, 0xaa, 0xac,
    0xff, 0xf4, 0xff, 0xf8, 0x0, 0x0, 0x4f, 0xff,
    0x4a, 0xaa, 0x50, 0x0, 0x58, 0xfd, 0xa2, 0x0,
    0x0, 0x0, 0xf, 0xff, 0x80, 0x0, 0x0, 0x6d,
    0xdd, 0xfc, 0x21, 0x0, 0x0, 0x8, 0xff, 0xff,
    0xc0, 0x0, 0x0, 0x0, 0x0, 0x0, 0x0, 0x0,
    0x0, 0x0, 0x0, 0x0, 0x0, 0x0, 0x0, 0x0,
    0x0, 0x6d, 0xdd, 0xda, 0x0, 0x0, 0x0, 0x8,
    0xff, 0xff, 0xc0, 0x0, 0x0,

    /* U+0040 "@" */
    0x4, 0xff, 0xff, 0xff, 0xff, 0x80, 0x0, 0x3d,
    0xdd, 0xdd, 0xdd, 0xd6, 0x0, 0xfc, 0x0, 0x0,
    0x0, 0x0, 0x8f, 0x4f, 0xc0, 0x0, 0x0, 0x0,
    0x8, 0xf4, 0xfc, 0x8, 0xff, 0xff, 0xc0, 0x8f,
    0x4f, 0xc0, 0x8f, 0xdd, 0xfc, 0x8, 0xf4, 0xfc,
    0x8, 0xf4, 0xf, 0xc0, 0x8f, 0x4f, 0xc0, 0x8f,
    0xdd, 0xff, 0xde, 0xf4, 0xfc, 0x8, 0xff, 0xff,
    0xff, 0xff, 0x4f, 0xc0, 0x0, 0x0, 0x0, 0x0,
    0x0, 0xfc, 0x0, 0x0, 0x0, 0x0, 0x0, 0x2,
    0x5d, 0xdd, 0xdd, 0xdd, 0xd6, 0x0, 0x4, 0xff,
    0xff, 0xff, 0xff, 0x80, 0x0,

    /* U+0041 "A" */
    0x0, 0x8, 0xff, 0xff, 0xc0, 0x0, 0x0, 0x2,
    0x9f, 0xed, 0xfc, 0x21, 0x0, 0x4, 0xff, 0xf4,
    0xf, 0xff, 0x80, 0x0, 0x4f, 0xff, 0x40, 0xff,
    0xf8, 0x0, 0xff, 0xf8, 0x0, 0x0, 0x4f, 0xff,
    0x4f, 0xff, 0x80, 0x0, 0x4, 0xff, 0xf4, 0xff,
    0xf8, 0x0, 0x0, 0x4f, 0xff, 0x4f, 0xff, 0xed,
    0xdd, 0xdd, 0xff, 0xf4, 0xff, 0xff, 0xff, 0xff,
    0xff, 0xff, 0x4f, 0xff, 0x80, 0x0, 0x4, 0xff,
    0xf4, 0xff, 0xf8, 0x0, 0x0, 0x4f, 0xff, 0x4f,
    0xff, 0x80, 0x0, 0x4, 0xff, 0xf4, 0xff, 0xf8,
    0x0, 0x0, 0x4f, 0xff, 0x40,

    /* U+0042 "B" */
    0xff, 0xff, 0xff, 0xff, 0xff, 0x80, 0xf, 0xff,
    0xed, 0xdd, 0xde, 0xf8, 0x0, 0xff, 0xf8, 0x0,
    0x0, 0x4f, 0xff, 0x4f, 0xff, 0x80, 0x0, 0x4,
    0xff, 0xf4, 0xff, 0xf8, 0x0, 0x0, 0x4f, 0xff,
    0x4f, 0xff, 0x80, 0x0, 0x4, 0xfd, 0xa2, 0xff,
    0xff, 0xff, 0xff, 0xff, 0x80, 0xf, 0xff, 0xa5,
    0x55, 0x58, 0xfd, 0xa2, 0xff, 0xf8, 0x0, 0x0,
    0x4f, 0xff, 0x4f, 0xff, 0x80, 0x0, 0x4, 0xff,
    0xf4, 0xff, 0xf8, 0x0, 0x0, 0x4f, 0xff, 0x4f,
    0xff, 0xed, 0xdd, 0xde, 0xf8, 0x0, 0xff, 0xff,
    0xff, 0xff, 0xff, 0x80, 0x0,

    /* U+0043 "C" */
    0x0, 0x8, 0xff, 0xff, 0xff, 0x80, 0x0, 0x0,
    0x8f, 0xed, 0xde, 0xf8, 0x0, 0x4, 0xff, 0xf4,
    0x0, 0x4f, 0xff, 0x40, 0x4f, 0xed, 0x30, 0x3,
    0xdd, 0xd3, 0xff, 0xf8, 0x0, 0x0, 0x0, 0x0,
    0xf, 0xff, 0x80, 0x0, 0x0, 0x0, 0x0, 0xff,
    0xf8, 0x0, 0x0, 0x0, 0x0, 0xf, 0xff, 0x80,
    0x0, 0x0, 0x0, 0x0, 0xff, 0xf8, 0x0, 0x0,
    0x0, 0x0, 0x8, 0xaf, 0xed, 0x30, 0x3, 0xdd,
    0xd3, 0x4, 0xff, 0xf4, 0x0, 0x4f, 0xff, 0x40,
    0x0, 0x8f, 0xed, 0xde, 0xf8, 0x0, 0x0, 0x8,
    0xff, 0xff, 0xff, 0x80, 0x0,

    /* U+0044 "D" */
    0xff, 0xff, 0xff, 0xff, 0xc0, 0x0, 0xf, 0xff,
    0xed, 0xdd, 0xfc, 0x0, 0x0, 0xff, 0xf8, 0x0,
    0xf, 0xff, 0x80, 0xf, 0xff, 0x80, 0x0, 0xff,
    0xf8, 0x0, 0xff, 0xf8, 0x0, 0x0, 0x4f, 0xff,
    0x4f, 0xff, 0x80, 0x0, 0x4, 0xff, 0xf4, 0xff,
    0xf8, 0x0, 0x0, 0x4f, 0xff, 0x4f, 0xff, 0x80,
    0x0, 0x4, 0xff, 0xf4, 0xff, 0xf8, 0x0, 0x0,
    0x4f, 0xff, 0x4f, 0xff, 0x80, 0x0, 0x8a, 0xfc,
    0x82, 0xff, 0xf8, 0x0, 0xf, 0xff, 0x80, 0xf,
    0xff, 0xed, 0xdd, 0xfc, 0x21, 0x0, 0xff, 0xff,
    0xff, 0xff, 0xc0, 0x0, 0x0,

    /* U+0045 "E" */
    0xff, 0xff, 0xff, 0xff, 0xff, 0xff, 0x4f, 0xff,
    0xed, 0xdd, 0xdd, 0xdd, 0xd3, 0xff, 0xf8, 0x0,
    0x0, 0x0, 0x0, 0xf, 0xff, 0x80, 0x0, 0x0,
    0x0, 0x0, 0xff, 0xf8, 0x0, 0x0, 0x0, 0x0,
    0xf, 0xff, 0x80, 0x0, 0x0, 0x0, 0x0, 0xff,
    0xff, 0xff, 0xff, 0xff, 0x80, 0xf, 0xff, 0xed,
    0xdd, 0xdd, 0xd6, 0x0, 0xff, 0xf8, 0x0, 0x0,
    0x0, 0x0, 0xf, 0xff, 0x80, 0x0, 0x0, 0x0,
    0x0, 0xff, 0xf8, 0x0, 0x0, 0x0, 0x0, 0xf,
    0xff, 0xed, 0xdd, 0xdd, 0xdd, 0xd3, 0xff, 0xff,
    0xff, 0xff, 0xff, 0xff, 0x40,

    /* U+0046 "F" */
    0xff, 0xff, 0xff, 0xff, 0xff, 0xff, 0x4f, 0xff,
    0xed, 0xdd, 0xdd, 0xdd, 0xd3, 0xff, 0xf8, 0x0,
    0x0, 0x0, 0x0, 0xf, 0xff, 0x80, 0x0, 0x0,
    0x0, 0x0, 0xff, 0xf8, 0x0, 0x0, 0x0, 0x0,
    0xf, 0xff, 0x80, 0x0, 0x0, 0x0, 0x0, 0xff,
    0xff, 0xff, 0xff, 0xff, 0x80, 0xf, 0xff, 0xed,
    0xdd, 0xdd, 0xd6, 0x0, 0xff, 0xf8, 0x0, 0x0,
    0x0, 0x0, 0xf, 0xff, 0x80, 0x0, 0x0, 0x0,
    0x0, 0xff, 0xf8, 0x0, 0x0, 0x0, 0x0, 0xf,
    0xff, 0x80, 0x0, 0x0, 0x0, 0x0, 0xff, 0xf8,
    0x0, 0x0, 0x0, 0x0, 0x0,

    /* U+0047 "G" */
    0x0, 0x8, 0xff, 0xff, 0xff, 0xff, 0x40, 0x0,
    0x8f, 0xed, 0xdd, 0xdd, 0xd3, 0x4, 0xff, 0xf4,
    0x0, 0x0, 0x0, 0x0, 0x4f, 0xff, 0x40, 0x0,
    0x0, 0x0, 0xff, 0xf8, 0x0, 0x0, 0x0, 0x0,
    0xf, 0xff, 0x80, 0x0, 0x0, 0x0, 0x0, 0xff,
    0xf8, 0x0, 0xf, 0xff, 0xff, 0x4f, 0xff, 0x80,
    0x0, 0xde, 0xff, 0xf4, 0xff, 0xf8, 0x0, 0x0,
    0x4f, 0xff, 0x48, 0xaf, 0xc8, 0x20, 0x4, 0xff,
    0xf4, 0x4, 0xff, 0xf4, 0x0, 0x4f, 0xff, 0x40,
    0x2, 0x9f, 0xed, 0xde, 0xff, 0xf4, 0x0, 0x8,
    0xff, 0xff, 0xff, 0xff, 0x40,

    /* U+0048 "H" */
    0xff, 0xf8, 0x0, 0x0, 0x4f, 0xff, 0x4f, 0xff,
    0x80, 0x0, 0x4, 0xff, 0xf4, 0xff, 0xf8, 0x0,
    0x0, 0x4f, 0xff, 0x4f, 0xff, 0x80, 0x0, 0x4,
    0xff, 0xf4, 0xff, 0xf8, 0x0, 0x0, 0x4f, 0xff,
    0x4f, 0xff, 0x80, 0x0, 0x4, 0xff, 0xf4, 0xff,
    0xff, 0xff, 0xff, 0xff, 0xff, 0x4f, 0xff, 0xed,
    0xdd, 0xde, 0xff, 0xf4, 0xff, 0xf8, 0x0, 0x0,
    0x4f, 0xff, 0x4f, 0xff, 0x80, 0x0, 0x4, 0xff,
    0xf4, 0xff, 0xf8, 0x0, 0x0, 0x4f, 0xff, 0x4f,
    0xff, 0x80, 0x0, 0x4, 0xff, 0xf4, 0xff, 0xf8,
    0x0, 0x0, 0x4f, 0xff, 0x40,

    /* U+0049 "I" */
    0x4f, 0xff, 0xff, 0xff, 0xff, 0xf4, 0x3d, 0xdd,
    0xff, 0xff, 0xdd, 0xd3, 0x0, 0x0, 0xcf, 0xfc,
    0x0, 0x0, 0x0, 0x0, 0xcf, 0xfc, 0x0, 0x0,
    0x0, 0x0, 0xcf, 0xfc, 0x0, 0x0, 0x0, 0x0,
    0xcf, 0xfc, 0x0, 0x0, 0x0, 0x0, 0xcf, 0xfc,
    0x0, 0x0, 0x0, 0x0, 0xcf, 0xfc, 0x0, 0x0,
    0x0, 0x0, 0xcf, 0xfc, 0x0, 0x0, 0x0, 0x0,
    0xcf, 0xfc, 0x0, 0x0, 0x0, 0x0, 0xcf, 0xfc,
    0x0, 0x0, 0x3d, 0xdd, 0xff, 0xff, 0xdd, 0xd3,
    0x4f, 0xff, 0xff, 0xff, 0xff, 0xf4,

    /* U+004A "J" */
    0x0, 0x0, 0x0, 0x0, 0x4f, 0xff, 0x40, 0x0,
    0x0, 0x0, 0x4, 0xff, 0xf4, 0x0, 0x0, 0x0,
    0x0, 0x4f, 0xff, 0x40, 0x0, 0x0, 0x0, 0x4,
    0xff, 0xf4, 0x0, 0x0, 0x0, 0x0, 0x4f, 0xff,
    0x40, 0x0, 0x0, 0x0, 0x4, 0xff, 0xf4, 0x0,
    0x0, 0x0, 0x0, 0x4f, 0xff, 0x40, 0x0, 0x0,
    0x0, 0x4, 0xff, 0xf4, 0x0, 0x0, 0x0, 0x0,
    0x4f, 0xff, 0x4d, 0xdd, 0x60, 0x0, 0x4, 0xff,
    0xf4, 0xff, 0xf8, 0x0, 0x0, 0x4f, 0xff, 0x40,
    0x4f, 0xed, 0xdd, 0xde, 0xf8, 0x0, 0x4, 0xff,
    0xff, 0xff, 0xff, 0x80, 0x0,

    /* U+004B "K" */
    0xff, 0xf8, 0x0, 0x0, 0x4f, 0xff, 0x4f, 0xff,
    0x80, 0x0, 0x4, 0xfe, 0xd3, 0xff, 0xf8, 0x0,
    0xf, 0xff, 0x80, 0xf, 0xff, 0x80, 0x0, 0xff,
    0xf8, 0x0, 0xff, 0xf8, 0xc, 0xff, 0xc0, 0x0,
    0xf, 0xff, 0xda, 0xef, 0x53, 0x0, 0x0, 0xff,
    0xff, 0xff, 0xf0, 0x0, 0x0, 0xf, 0xff, 0xff,
    0xff, 0xd9, 0x0, 0x0, 0xff, 0xff, 0xff, 0xff,
    0xc0, 0x0, 0xf, 0xff, 0x80, 0xcf, 0xff, 0xf8,
    0x0, 0xff, 0xf8, 0xc, 0xff, 0xff, 0x80, 0xf,
    0xff, 0x80, 0x35, 0xff, 0xfe, 0xd3, 0xff, 0xf8,
    0x0, 0xf, 0xff, 0xff, 0x40,

    /* U+004C "L" */
    0x4f, 0xff, 0x40, 0x0, 0x0, 0x0, 0x4f, 0xff,
    0x40, 0x0, 0x0, 0x0, 0x4f, 0xff, 0x40, 0x0,
    0x0, 0x0, 0x4f, 0xff, 0x40, 0x0, 0x0, 0x0,
    0x4f, 0xff, 0x40, 0x0, 0x0, 0x0, 0x4f, 0xff,
    0x40, 0x0, 0x0, 0x0, 0x4f, 0xff, 0x40, 0x0,
    0x0, 0x0, 0x4f, 0xff, 0x40, 0x0, 0x0, 0x0,
    0x4f, 0xff, 0x40, 0x0, 0x0, 0x0, 0x4f, 0xff,
    0x40, 0x0, 0x0, 0x0, 0x4f, 0xff, 0x40, 0x0,
    0x0, 0x0, 0x4f, 0xff, 0xed, 0xdd, 0xdd, 0xd3,
    0x4f, 0xff, 0xff, 0xff, 0xff, 0xf4,

    /* U+004D "M" */
    0xff, 0xf8, 0x0, 0x0, 0x4f, 0xff, 0x4f, 0xff,
    0x80, 0x0, 0x4, 0xff, 0xf4, 0xff, 0xff, 0xf4,
    0xf, 0xff, 0xff, 0x4f, 0xff, 0xff, 0x40, 0xff,
    0xff, 0xf4, 0xff, 0xff, 0xff, 0xff, 0xff, 0xff,
    0x4f, 0xff, 0xda, 0xef, 0xab, 0xff, 0xf4, 0xff,
    0xf8, 0xc, 0xf0, 0x4f, 0xff, 0x4f, 0xff, 0x80,
    0xcf, 0x4, 0xff, 0xf4, 0xff, 0xf8, 0xc, 0xf0,
    0x4f, 0xff, 0x4f, 0xff, 0x80, 0x68, 0x4, 0xff,
    0xf4, 0xff, 0xf8, 0x0, 0x0, 0x4f, 0xff, 0x4f,
    0xff, 0x80, 0x0, 0x4, 0xff, 0xf4, 0xff, 0xf8,
    0x0, 0x0, 0x4f, 0xff, 0x40,

    /* U+004E "N" */
    0xff, 0xf8, 0x0, 0x0, 0x4f, 0xff, 0x4f, 0xff,
    0x80, 0x0, 0x4, 0xff, 0xf4, 0xff, 0xff, 0xf4,
    0x0, 0x4f, 0xff, 0x4f, 0xff, 0xff, 0x40, 0x4,
    0xff, 0xf4, 0xff, 0xff, 0xff, 0xf0, 0x4f, 0xff,
    0x4f, 0xff, 0xa5, 0xdf, 0xac, 0xff, 0xf4, 0xff,
    0xf8, 0xc, 0xff, 0xff, 0xff, 0x4f, 0xff, 0x80,
    0x8a, 0xff, 0xff, 0xf4, 0xff, 0xf8, 0x0, 0xf,
    0xff, 0xff, 0x4f, 0xff, 0x80, 0x0, 0x4, 0xff,
    0xf4, 0xff, 0xf8, 0x0, 0x0, 0x4f, 0xff, 0x4f,
    0xff, 0x80, 0x0, 0x4, 0xff, 0xf4, 0xff, 0xf8,
    0x0, 0x0, 0x4f, 0xff, 0x40,

    /* U+004F "O" */
    0x4, 0xff, 0xff, 0xff, 0xff, 0x80, 0x0, 0x4f,
    0xed, 0xdd, 0xde, 0xf8, 0x0, 0xff, 0xf8, 0x0,
    0x0, 0x4f, 0xff, 0x4f, 0xff, 0x80, 0x0, 0x4,
    0xff, 0xf4, 0xff, 0xf8, 0x0, 0x0, 0x4f, 0xff,
    0x4f, 0xff, 0x80, 0x0, 0x4, 0xff, 0xf4, 0xff,
    0xf8, 0x0, 0x0, 0x4f, 0xff, 0x4f, 0xff, 0x80,
    0x0, 0x4, 0xff, 0xf4, 0xff, 0xf8, 0x0, 0x0,
    0x4f, 0xff, 0x4f, 0xff, 0x80, 0x0, 0x4, 0xff,
    0xf4, 0xff, 0xf8, 0x0, 0x0, 0x4f, 0xff, 0x42,
    0x5f, 0xed, 0xdd, 0xde, 0xf9, 0x20, 0x4, 0xff,
    0xff, 0xff, 0xff, 0x80, 0x0,

    /* U+0050 "P" */
    0xff, 0xff, 0xff, 0xff, 0xff, 0x80, 0xf, 0xff,
    0xed, 0xdd, 0xde, 0xf8, 0x0, 0xff, 0xf8, 0x0,
    0x0, 0x4f, 0xff, 0x4f, 0xff, 0x80, 0x0, 0x4,
    0xff, 0xf4, 0xff, 0xf8, 0x0, 0x0, 0x4f, 0xff,
    0x4f, 0xff, 0x80, 0x0, 0x4, 0xff, 0xf4, 0xff,
    0xf8, 0x0, 0x0, 0x4f, 0xff, 0x4f, 0xff, 0xed,
    0xdd, 0xdd, 0xf9, 0x20, 0xff, 0xff, 0xff, 0xff,
    0xff, 0x80, 0xf, 0xff, 0x80, 0x0, 0x0, 0x0,
    0x0, 0xff, 0xf8, 0x0, 0x0, 0x0, 0x0, 0xf,
    0xff, 0x80, 0x0, 0x0, 0x0, 0x0, 0xff, 0xf8,
    0x0, 0x0, 0x0, 0x0, 0x0,

    /* U+0051 "Q" */
    0x4, 0xff, 0xff, 0xff, 0xff, 0x80, 0x0, 0x4f,
    0xed, 0xdd, 0xde, 0xf8, 0x0, 0xff, 0xf8, 0x0,
    0x0, 0x4f, 0xff, 0x4f, 0xff, 0x80, 0x0, 0x4,
    0xff, 0xf4, 0xff, 0xf8, 0x0, 0x0, 0x4f, 0xff,
    0x4f, 0xff, 0x80, 0x0, 0x4, 0xff, 0xf4, 0xff,
    0xf8, 0x0, 0x0, 0x4f, 0xff, 0x4f, 0xff, 0x80,
    0x9d, 0xdd, 0xff, 0xf4, 0xff, 0xf8, 0xc, 0xff,
    0xff, 0xff, 0x4f, 0xff, 0x80, 0x0, 0xff, 0xf8,
    0x0, 0xff, 0xf8, 0x0, 0xf, 0xff, 0x80, 0x2,
    0x5f, 0xed, 0xdd, 0xfc, 0x28, 0xd3, 0x4, 0xff,
    0xff, 0xff, 0xc0, 0x8f, 0x40,

    /* U+0052 "R" */
    0xff, 0xff, 0xff, 0xff, 0xff, 0x80, 0xf, 0xff,
    0xed, 0xdd, 0xde, 0xf8, 0x0, 0xff, 0xf8, 0x0,
    0x0, 0x4f, 0xff, 0x4f, 0xff, 0x80, 0x0, 0x4,
    0xff, 0xf4, 0xff, 0xf8, 0x0, 0x0, 0x4f, 0xff,
    0x4f, 0xff, 0x80, 0x0, 0x9a, 0xff, 0xf4, 0xff,
    0xf8, 0x0, 0xf, 0xff, 0xff, 0x4f, 0xff, 0xed,
    0xdd, 0xfc, 0x22, 0x20, 0xff, 0xff, 0xff, 0xff,
    0xc0, 0x0, 0xf, 0xff, 0x80, 0xcf, 0xff, 0xf8,
    0x0, 0xff, 0xf8, 0xc, 0xff, 0xff, 0x80, 0xf,
    0xff, 0x80, 0x12, 0xff, 0xfe, 0xd3, 0xff, 0xf8,
    0x0, 0xf, 0xff, 0xff, 0x40,

    /* U+0053 "S" */
    0x4, 0xff, 0xff, 0xff, 0xff, 0x80, 0x0, 0x4f,
    0xed, 0xdd, 0xde, 0xf8, 0x0, 0xff, 0xf8, 0x0,
    0x0, 0x4f, 0xff, 0x4f, 0xff, 0x80, 0x0, 0x3,
    0xdd, 0xd3, 0xff, 0xf8, 0x0, 0x0, 0x0, 0x0,
    0xa, 0xbf, 0x80, 0x0, 0x0, 0x0, 0x0, 0x4,
    0xff, 0xff, 0xff, 0xff, 0x80, 0x0, 0x15, 0x55,
    0x55, 0x58, 0xfd, 0xa2, 0x0, 0x0, 0x0, 0x0,
    0x4f, 0xff, 0x4d, 0xdd, 0x60, 0x0, 0x4, 0xff,
    0xf4, 0xff, 0xf8, 0x0, 0x0, 0x4f, 0xff, 0x40,
    0x4f, 0xed, 0xdd, 0xde, 0xf8, 0x0, 0x4, 0xff,
    0xff, 0xff, 0xff, 0x80, 0x0,

    /* U+0054 "T" */
    0x4f, 0xff, 0xff, 0xff, 0xff, 0xf4, 0x3d, 0xdd,
    0xff, 0xff, 0xdd, 0xd3, 0x0, 0x0, 0xcf, 0xfc,
    0x0, 0x0, 0x0, 0x0, 0xcf, 0xfc, 0x0, 0x0,
    0x0, 0x0, 0xcf, 0xfc, 0x0, 0x0, 0x0, 0x0,
    0xcf, 0xfc, 0x0, 0x0, 0x0, 0x0, 0xcf, 0xfc,
    0x0, 0x0, 0x0, 0x0, 0xcf, 0xfc, 0x0, 0x0,
    0x0, 0x0, 0xcf, 0xfc, 0x0, 0x0, 0x0, 0x0,
    0xcf, 0xfc, 0x0, 0x0, 0x0, 0x0, 0xcf, 0xfc,
    0x0, 0x0, 0x0, 0x0, 0xcf, 0xfc, 0x0, 0x0,
    0x0, 0x0, 0xcf, 0xfc, 0x0, 0x0,

    /* U+0055 "U" */
    0xff, 0xf8, 0x0, 0x0, 0x4f, 0xff, 0x4f, 0xff,
    0x80, 0x0, 0x4, 0xff, 0xf4, 0xff, 0xf8, 0x0,
    0x0, 0x4f, 0xff, 0x4f, 0xff, 0x80, 0x0, 0x4,
    0xff, 0xf4, 0xff, 0xf8, 0x0, 0x0, 0x4f, 0xff,
    0x4f, 0xff, 0x80, 0x0, 0x4, 0xff, 0xf4, 0xff,
    0xf8, 0x0, 0x0, 0x4f, 0xff, 0x4f, 0xff, 0x80,
    0x0, 0x4, 0xff, 0xf4, 0xff, 0xf8, 0x0, 0x0,
    0x4f, 0xff, 0x4f, 0xff, 0x80, 0x0, 0x4, 0xff,
    0xf4, 0xff, 0xf8, 0x0, 0x0, 0x4f, 0xff, 0x40,
    0x4f, 0xed, 0xdd, 0xde, 0xf8, 0x0, 0x4, 0xff,
    0xff, 0xff, 0xff, 0x80, 0x0,

    /* U+0056 "V" */
    0xff, 0xf8, 0x0, 0x0, 0x4f, 0xff, 0x4f, 0xff,
    0x80, 0x0, 0x4, 0xff, 0xf4, 0xff, 0xf8, 0x0,
    0x0, 0x4f, 0xff, 0x4f, 0xff, 0x80, 0x0, 0x4,
    0xff, 0xf4, 0xff, 0xf8, 0x0, 0x0, 0x4f, 0xff,
    0x4f, 0xff, 0xc8, 0x20, 0x8a, 0xff, 0xf4, 0xff,
    0xff, 0xf4, 0xf, 0xff, 0xff, 0x45, 0x8f, 0xff,
    0xa8, 0xff, 0xfa, 0x51, 0x4, 0xff, 0xff, 0xff,
    0xff, 0x80, 0x0, 0x14, 0xaf, 0xff, 0xfd, 0x42,
    0x0, 0x0, 0x8, 0xff, 0xff, 0xc0, 0x0, 0x0,
    0x0, 0x0, 0xcf, 0x0, 0x0, 0x0, 0x0, 0x0,
    0xc, 0xf0, 0x0, 0x0, 0x0,

    /* U+0057 "W" */
    0xff, 0xf8, 0xc, 0xf0, 0x4f, 0xff, 0x4f, 0xff,
    0x80, 0xcf, 0x4, 0xff, 0xf4, 0xff, 0xf8, 0xc,
    0xf0, 0x4f, 0xff, 0x4f, 0xff, 0x80, 0xcf, 0x4,
    0xff, 0xf4, 0xff, 0xf8, 0xc, 0xf0, 0x4f, 0xff,
    0x4f, 0xff, 0x80, 0xcf, 0x4, 0xff, 0xf4, 0xff,
    0xf8, 0xc, 0xf0, 0x4f, 0xff, 0x4f, 0xff, 0xda,
    0xef, 0xab, 0xff, 0xf4, 0xff, 0xff, 0xff, 0xff,
    0xff, 0xff, 0x4f, 0xff, 0xff, 0x62, 0xff, 0xff,
    0xf4, 0xff, 0xff, 0xf4, 0xf, 0xff, 0xff, 0x40,
    0x4f, 0x80, 0x0, 0x4, 0xf8, 0x0, 0x4, 0xf8,
    0x0, 0x0, 0x4f, 0x80, 0x0,

    /* U+0058 "X" */
    0xff, 0xf8, 0x0, 0x0, 0x4f, 0xff, 0x4f, 0xff,
    0x80, 0x0, 0x4, 0xff, 0xf4, 0xff, 0xf8, 0x0,
    0x0, 0x4f, 0xff, 0x4a, 0xcf, 0x80, 0x0, 0x4,
    0xfd, 0xa2, 0x4, 0xff, 0xf4, 0xf, 0xff, 0x80,
    0x0, 0x4f, 0xff, 0x40, 0xff, 0xf8, 0x0, 0x0,
    0x8, 0xff, 0xff, 0xc0, 0x0, 0x0, 0x15, 0xaf,
    0xca, 0xfd, 0x52, 0x0, 0x4, 0xff, 0xf4, 0xf,
    0xff, 0x80, 0xa, 0xcf, 0xc8, 0x20, 0x8a, 0xfd,
    0xa2, 0xff, 0xf8, 0x0, 0x0, 0x4f, 0xff, 0x4f,
    0xff, 0x80, 0x0, 0x4, 0xff, 0xf4, 0xff, 0xf8,
    0x0, 0x0, 0x4f, 0xff, 0x40,

    /* U+0059 "Y" */
    0x4f, 0xff, 0x40, 0x4, 0xff, 0xf4, 0x4f, 0xff,
    0x40, 0x4, 0xff, 0xf4, 0x4f, 0xff, 0x40, 0x4,
    0xff, 0xf4, 0x4f, 0xff, 0x40, 0x4, 0xff, 0xf4,
    0x4f, 0xff, 0x40, 0x4, 0xff, 0xf4, 0x28, 0xcf,
    0x85, 0x58, 0xfc, 0x82, 0x0, 0x8f, 0xff, 0xff,
    0xf8, 0x0, 0x0, 0x48, 0xef, 0xfe, 0x84, 0x0,
    0x0, 0x0, 0xcf, 0xfc, 0x0, 0x0, 0x0, 0x0,
    0xcf, 0xfc, 0x0, 0x0, 0x0, 0x0, 0xcf, 0xfc,
    0x0, 0x0, 0x0, 0x0, 0xcf, 0xfc, 0x0, 0x0,
    0x0, 0x0, 0xcf, 0xfc, 0x0, 0x0,

    /* U+005A "Z" */
    0xff, 0xff, 0xff, 0xff, 0xff, 0xff, 0x4d, 0xdd,
    0xdd, 0xdd, 0xff, 0xff, 0xf4, 0x0, 0x0, 0x0,
    0xf, 0xff, 0xff, 0x40, 0x0, 0x0, 0x0, 0xff,
    0xff, 0xf4, 0x0, 0x0, 0xc, 0xff, 0xff, 0x80,
    0x0, 0x0, 0x12, 0xcf, 0xff, 0xd6, 0x0, 0x0,
    0x8, 0xff, 0xff, 0xc0, 0x0, 0x0, 0x15, 0xaf,
    0xff, 0xa8, 0x0, 0x0, 0x4, 0xff, 0xff, 0xf0,
    0x0, 0x0, 0x8, 0xaf, 0xff, 0xa8, 0x0, 0x0,
    0x0, 0xff, 0xff, 0xf4, 0x0, 0x0, 0x0, 0xf,
    0xff, 0xff, 0xed, 0xdd, 0xdd, 0xd3, 0xff, 0xff,
    0xff, 0xff, 0xff, 0xff, 0x40,

    /* U+005B "[" */
    0x8f, 0xff, 0xff, 0xf8, 0x8f, 0xff, 0xdd, 0xd6,
    0x8f, 0xff, 0x0, 0x0, 0x8f, 0xff, 0x0, 0x0,
    0x8f, 0xff, 0x0, 0x0, 0x8f, 0xff, 0x0, 0x0,
    0x8f, 0xff, 0x0, 0x0, 0x8f, 0xff, 0x0, 0x0,
    0x8f, 0xff, 0x0, 0x0, 0x8f, 0xff, 0x0, 0x0,
    0x8f, 0xff, 0x0, 0x0, 0x8f, 0xff, 0xdd, 0xd6,
    0x8f, 0xff, 0xff, 0xf8,

    /* U+005C "\\" */
    0xfc, 0x0, 0x0, 0x0, 0x0, 0x0, 0xd, 0xa0,
    0x0, 0x0, 0x0, 0x0, 0x0, 0x4, 0xf8, 0x0,
    0x0, 0x0, 0x0, 0x0, 0x3d, 0x60, 0x0, 0x0,
    0x0, 0x0, 0x0, 0x8, 0xf4, 0x0, 0x0, 0x0,
    0x0, 0x0, 0x6d, 0x30, 0x0, 0x0, 0x0, 0x0,
    0x0, 0xc, 0xf0, 0x0, 0x0, 0x0, 0x0, 0x0,
    0x22, 0xd9, 0x0, 0x0, 0x0, 0x0, 0x0, 0xf,
    0xc0, 0x0, 0x0, 0x0, 0x0, 0x0, 0x3, 0xd6,
    0x0, 0x0, 0x0, 0x0, 0x0, 0x4f, 0x80, 0x0,
    0x0, 0x0, 0x0, 0x0, 0x6, 0xd3, 0x0, 0x0,
    0x0, 0x0, 0x0, 0x8f, 0x40,

    /* U+005D "]" */
    0x4f, 0xff, 0xff, 0xfc, 0x3d, 0xdd, 0xff, 0xfc,
    0x0, 0x0, 0xcf, 0xfc, 0x0, 0x0, 0xcf, 0xfc,
    0x0, 0x0, 0xcf, 0xfc, 0x0, 0x0, 0xcf, 0xfc,
    0x0, 0x0, 0xcf, 0xfc, 0x0, 0x0, 0xcf, 0xfc,
    0x0, 0x0, 0xcf, 0xfc, 0x0, 0x0, 0xcf, 0xfc,
    0x0, 0x0, 0xcf, 0xfc, 0x3d, 0xdd, 0xff, 0xfc,
    0x4f, 0xff, 0xff, 0xfc,

    /* U+005E "^" */
    0x0, 0x6d, 0xdd, 0xda, 0x0, 0x0, 0x8f, 0xff,
    0xfc, 0x0, 0x3d, 0xef, 0x40, 0xff, 0xd6, 0x4f,
    0xff, 0x40, 0xff, 0xf8,

    /* U+005F "_" */
    0xdd, 0xdd, 0xdd, 0xdd, 0xdd, 0xdd, 0x3f, 0xff,
    0xff, 0xff, 0xff, 0xff, 0xf4,

    /* U+0060 "`" */
    0xad, 0x0, 0xcf, 0x0, 0x0, 0xd9, 0x0, 0xfc,

    /* U+0061 "a" */
    0x4, 0xff, 0xff, 0xff, 0xff, 0x80, 0x0, 0x3d,
    0xdd, 0xdd, 0xdd, 0xf9, 0x20, 0x0, 0x0, 0x0,
    0x0, 0x4f, 0xff, 0x40, 0x3d, 0xdd, 0xdd, 0xdd,
    0xff, 0xf4, 0x4, 0xff, 0xff, 0xff, 0xff, 0xff,
    0x4d, 0xdf, 0x80, 0x0, 0x4, 0xff, 0xf4, 0xff,
    0xf8, 0x0, 0x0, 0x4f, 0xff, 0x40, 0x4f, 0xed,
    0xdd, 0xde, 0xff, 0xf4, 0x4, 0xff, 0xff, 0xff,
    0xff, 0xff, 0x40,

    /* U+0062 "b" */
    0xff, 0xf8, 0x0, 0x0, 0x0, 0x0, 0xf, 0xff,
    0x80, 0x0, 0x0, 0x0, 0x0, 0xff, 0xf8, 0x0,
    0x0, 0x0, 0x0, 0xf, 0xff, 0x80, 0x0, 0x0,
    0x0, 0x0, 0xff, 0xff, 0xff, 0xff, 0xff, 0x80,
    0xf, 0xff, 0xed, 0xdd, 0xdd, 0xfc, 0x82, 0xff,
    0xf8, 0x0, 0x0, 0x4f, 0xff, 0x4f, 0xff, 0x80,
    0x0, 0x4, 0xff, 0xf4, 0xff, 0xf8, 0x0, 0x0,
    0x4f, 0xff, 0x4f, 0xff, 0x80, 0x0, 0x4, 0xff,
    0xf4, 0xff, 0xf8, 0x0, 0x0, 0x4f, 0xff, 0x40,
    0x4f, 0xed, 0xdd, 0xde, 0xf8, 0x0, 0x4, 0xff,
    0xff, 0xff, 0xff, 0x80, 0x0,

    /* U+0063 "c" */
    0x4, 0xff, 0xff, 0xff, 0xff, 0xff, 0x48, 0xaf,
    0xed, 0xdd, 0xdd, 0xdd, 0xd3, 0xff, 0xf8, 0x0,
    0x0, 0x0, 0x0, 0xf, 0xff, 0x80, 0x0, 0x0,
    0x0, 0x0, 0xff, 0xf8, 0x0, 0x0, 0x0, 0x0,
    0xf, 0xff, 0x80, 0x0, 0x0, 0x0, 0x0, 0xff,
    0xf8, 0x0, 0x0, 0x0, 0x0, 0x0, 0x4f, 0xed,
    0xdd, 0xdd, 0xdd, 0xd3, 0x4, 0xff, 0xff, 0xff,
    0xff, 0xff, 0x40,

    /* U+0064 "d" */
    0x0, 0x0, 0x0, 0x0, 0x4f, 0xff, 0x40, 0x0,
    0x0, 0x0, 0x4, 0xff, 0xf4, 0x0, 0x0, 0x0,
    0x0, 0x4f, 0xff, 0x40, 0x0, 0x0, 0x0, 0x4,
    0xff, 0xf4, 0x4, 0xff, 0xff, 0xff, 0xff, 0xff,
    0x48, 0xaf, 0xed, 0xdd, 0xdd, 0xff, 0xf4, 0xff,
    0xf8, 0x0, 0x0, 0x4f, 0xff, 0x4f, 0xff, 0x80,
    0x0, 0x4, 0xff, 0xf4, 0xff, 0xf8, 0x0, 0x0,
    0x4f, 0xff, 0x4f, 0xff, 0x80, 0x0, 0x4, 0xff,
    0xf4, 0xff, 0xf8, 0x0, 0x0, 0x4f, 0xff, 0x40,
    0x4f, 0xed, 0xdd, 0xde, 0xff, 0xf4, 0x4, 0xff,
    0xff, 0xff, 0xff, 0xff, 0x40,

    /* U+0065 "e" */
    0x4, 0xff, 0xff, 0xff, 0xff, 0x80, 0x8, 0xaf,
    0xed, 0xdd, 0xdd, 0xfc, 0x82, 0xff, 0xf8, 0x0,
    0x0, 0x4f, 0xff, 0x4f, 0xff, 0xed, 0xdd, 0xdd,
    0xff, 0xf4, 0xff, 0xff, 0xff, 0xff, 0xff, 0xff,
    0x4f, 0xff, 0x80, 0x0, 0x0, 0x0, 0x0, 0xff,
    0xf8, 0x0, 0x0, 0x0, 0x0, 0x0, 0x4f, 0xed,
    0xdd, 0xdd, 0xd6, 0x0, 0x4, 0xff, 0xff, 0xff,
    0xff, 0x80, 0x0,

    /* U+0066 "f" */
    0x0, 0x0, 0x0, 0xff, 0xff, 0xf4, 0x0, 0x0,
    0x0, 0xff, 0xdd, 0xd3, 0x0, 0x0, 0xcf, 0xfc,
    0x0, 0x0, 0x0, 0x0, 0xcf, 0xfc, 0x0, 0x0,
    0x4f, 0xff, 0xff, 0xff, 0xff, 0xf4, 0x3d, 0xdd,
    0xff, 0xff, 0xdd, 0xd3, 0x0, 0x0, 0xcf, 0xfc,
    0x0, 0x0, 0x0, 0x0, 0xcf, 0xfc, 0x0, 0x0,
    0x0, 0x0, 0xcf, 0xfc, 0x0, 0x0, 0x0, 0x0,
    0xcf, 0xfc, 0x0, 0x0, 0x0, 0x0, 0xcf, 0xfc,
    0x0, 0x0, 0x0, 0x0, 0xcf, 0xfc, 0x0, 0x0,
    0x0, 0x0, 0xcf, 0xfc, 0x0, 0x0,

    /* U+0067 "g" */
    0x4, 0xff, 0xff, 0xff, 0xff, 0xff, 0x40, 0x4f,
    0xed, 0xdd, 0xdd, 0xff, 0xf4, 0xff, 0xf8, 0x0,
    0x0, 0x4f, 0xff, 0x4f, 0xff, 0x80, 0x0, 0x4,
    0xff, 0xf4, 0xff, 0xf8, 0x0, 0x0, 0x4f, 0xff,
    0x42, 0x6f, 0xed, 0xdd, 0xdd, 0xff, 0xf4, 0x4,
    0xff, 0xff, 0xff, 0xff, 0xff, 0x40, 0x0, 0x0,
    0x0, 0x4, 0xff, 0xf4, 0x0, 0x0, 0x0, 0x0,
    0x4f, 0xff, 0x40, 0x3d, 0xdd, 0xdd, 0xdd, 0xf8,
    0x0, 0x4, 0xff, 0xff, 0xff, 0xff, 0x80, 0x0,

    /* U+0068 "h" */
    0xff, 0xf8, 0x0, 0x0, 0x0, 0x0, 0xf, 0xff,
    0x80, 0x0, 0x0, 0x0, 0x0, 0xff, 0xf8, 0x0,
    0x0, 0x0, 0x0, 0xf, 0xff, 0x80, 0x0, 0x0,
    0x0, 0x0, 0xff, 0xff, 0xff, 0xff, 0xff, 0x80,
    0xf, 0xff, 0xed, 0xdd, 0xdd, 0xfa, 0x51, 0xff,
    0xf8, 0x0, 0x0, 0x4f, 0xff, 0x4f, 0xff, 0x80,
    0x0, 0x4, 0xff, 0xf4, 0xff, 0xf8, 0x0, 0x0,
    0x4f, 0xff, 0x4f, 0xff, 0x80, 0x0, 0x4, 0xff,
    0xf4, 0xff, 0xf8, 0x0, 0x0, 0x4f, 0xff, 0x4f,
    0xff, 0x80, 0x0, 0x4, 0xff, 0xf4, 0xff, 0xf8,
    0x0, 0x0, 0x4f, 0xff, 0x40,

    /* U+0069 "i" */
    0x0, 0x0, 0xcf, 0xfc, 0x0, 0x0, 0x0, 0x0,
    0xad, 0xda, 0x0, 0x0, 0x0, 0x0, 0x0, 0x0,
    0x0, 0x0, 0x0, 0x0, 0x0, 0x0, 0x0, 0x0,
    0x0, 0x8f, 0xff, 0xfc, 0x0, 0x0, 0x0, 0x6d,
    0xff, 0xfc, 0x0, 0x0, 0x0, 0x0, 0xcf, 0xfc,
    0x0, 0x0, 0x0, 0x0, 0xcf, 0xfc, 0x0, 0x0,
    0x0, 0x0, 0xcf, 0xfc, 0x0, 0x0, 0x0, 0x0,
    0xcf, 0xfc, 0x0, 0x0, 0x0, 0x0, 0xcf, 0xfc,
    0x0, 0x0, 0x3d, 0xdd, 0xff, 0xff, 0xdd, 0xd3,
    0x4f, 0xff, 0xff, 0xff, 0xff, 0xf4,

    /* U+006A "j" */
    0x0, 0x0, 0x0, 0xff, 0xf8, 0x0, 0x0, 0x0,
    0xdd, 0xd6, 0x0, 0x0, 0x0, 0x0, 0x0, 0x0,
    0x0, 0x0, 0x0, 0x0, 0x0, 0x0, 0xcf, 0xff,
    0xf8, 0x0, 0x0, 0x9d, 0xff, 0xf8, 0x0, 0x0,
    0x0, 0xff, 0xf8, 0x0, 0x0, 0x0, 0xff, 0xf8,
    0x0, 0x0, 0x0, 0xff, 0xf8, 0x0, 0x0, 0x0,
    0xff, 0xf8, 0x0, 0x0, 0x0, 0xff, 0xf8, 0x0,
    0x0, 0x0, 0xff, 0xf8, 0x0, 0x0, 0x0, 0xff,
    0xf8, 0x3d, 0xdd, 0xdd, 0xfc, 0x0, 0x4f, 0xff,
    0xff, 0xfc, 0x0,

    /* U+006B "k" */
    0xff, 0xf8, 0x0, 0x0, 0x0, 0x0, 0xf, 0xff,
    0x80, 0x0, 0x0, 0x0, 0x0, 0xff, 0xf8, 0x0,
    0x0, 0x0, 0x0, 0xf, 0xff, 0x80, 0x0, 0x0,
    0x0, 0x0, 0xff, 0xf8, 0x0, 0x0, 0x4f, 0xff,
    0x4f, 0xff, 0x80, 0x0, 0x8a, 0xfe, 0xd3, 0xff,
    0xf8, 0x0, 0xf, 0xff, 0x80, 0xf, 0xff, 0xed,
    0xdd, 0xfc, 0x21, 0x0, 0xff, 0xff, 0xff, 0xff,
    0xc0, 0x0, 0xf, 0xff, 0x80, 0x0, 0xff, 0xf8,
    0x0, 0xff, 0xf8, 0x0, 0xf, 0xff, 0x80, 0xf,
    0xff, 0x80, 0x0, 0x4, 0xfe, 0xd3, 0xff, 0xf8,
    0x0, 0x0, 0x4f, 0xff, 0x40,

    /* U+006C "l" */
    0x0, 0x8f, 0xff, 0xfc, 0x0, 0x0, 0x0, 0x6d,
    0xff, 0xfc, 0x0, 0x0, 0x0, 0x0, 0xcf, 0xfc,
    0x0, 0x0, 0x0, 0x0, 0xcf, 0xfc, 0x0, 0x0,
    0x0, 0x0, 0xcf, 0xfc, 0x0, 0x0, 0x0, 0x0,
    0xcf, 0xfc, 0x0, 0x0, 0x0, 0x0, 0xcf, 0xfc,
    0x0, 0x0, 0x0, 0x0, 0xcf, 0xfc, 0x0, 0x0,
    0x0, 0x0, 0xcf, 0xfc, 0x0, 0x0, 0x0, 0x0,
    0xcf, 0xfc, 0x0, 0x0, 0x0, 0x0, 0xcf, 0xfc,
    0x0, 0x0, 0x3d, 0xdd, 0xff, 0xff, 0xdd, 0xd3,
    0x4f, 0xff, 0xff, 0xff, 0xff, 0xf4,

    /* U+006D "m" */
    0xff, 0xff, 0xff, 0xff, 0xff, 0x80, 0xf, 0xfd,
    0xef, 0xff, 0xdd, 0xfa, 0x51, 0xfc, 0x8, 0xff,
    0xf0, 0x4f, 0xff, 0x4f, 0xc0, 0x8f, 0xff, 0x4,
    0xff, 0xf4, 0xfc, 0x8, 0xff, 0xf0, 0x4f, 0xff,
    0x4f, 0xc0, 0x8f, 0xff, 0x4, 0xff, 0xf4, 0xfc,
    0x8, 0xff, 0xf0, 0x4f, 0xff, 0x4f, 0xc0, 0x8f,
    0xff, 0x4, 0xff, 0xf4, 0xfc, 0x8, 0xff, 0xf0,
    0x4f, 0xff, 0x40,

    /* U+006E "n" */
    0xff, 0xff, 0xff, 0xff, 0xff, 0x80, 0xf, 0xff,
    0xed, 0xdd, 0xdd, 0xfa, 0x51, 0xff, 0xf8, 0x0,
    0x0, 0x4f, 0xff, 0x4f, 0xff, 0x80, 0x0, 0x4,
    0xff, 0xf4, 0xff, 0xf8, 0x0, 0x0, 0x4f, 0xff,
    0x4f, 0xff, 0x80, 0x0, 0x4, 0xff, 0xf4, 0xff,
    0xf8, 0x0, 0x0, 0x4f, 0xff, 0x4f, 0xff, 0x80,
    0x0, 0x4, 0xff, 0xf4, 0xff, 0xf8, 0x0, 0x0,
    0x4f, 0xff, 0x40,

    /* U+006F "o" */
    0x4, 0xff, 0xff, 0xff, 0xff, 0x80, 0x8, 0xaf,
    0xed, 0xdd, 0xdd, 0xfc, 0x82, 0xff, 0xf8, 0x0,
    0x0, 0x4f, 0xff, 0x4f, 0xff, 0x80, 0x0, 0x4,
    0xff, 0xf4, 0xff, 0xf8, 0x0, 0x0, 0x4f, 0xff,
    0x4f, 0xff, 0x80, 0x0, 0x4, 0xff, 0xf4, 0xff,
    0xf8, 0x0, 0x0, 0x4f, 0xff, 0x40, 0x4f, 0xed,
    0xdd, 0xde, 0xf8, 0x0, 0x4, 0xff, 0xff, 0xff,
    0xff, 0x80, 0x0,

    /* U+0070 "p" */
    0xff, 0xff, 0xff, 0xff, 0xff, 0x80, 0xf, 0xff,
    0xed, 0xdd, 0xdd, 0xf8, 0x0, 0xff, 0xf8, 0x0,
    0x0, 0x4f, 0xff, 0x4f, 0xff, 0x80, 0x0, 0x4,
    0xff, 0xf4, 0xff, 0xf8, 0x0, 0x0, 0x4f, 0xff,
    0x4f, 0xff, 0xed, 0xdd, 0xdd, 0xf9, 0x20, 0xff,
    0xff, 0xff, 0xff, 0xff, 0x80, 0xf, 0xff, 0x80,
    0x0, 0x0, 0x0, 0x0, 0xff, 0xf8, 0x0, 0x0,
    0x0, 0x0, 0xf, 0xff, 0x80, 0x0, 0x0, 0x0,
    0x0, 0xff, 0xf8, 0x0, 0x0, 0x0, 0x0, 0x0,

    /* U+0071 "q" */
    0x4, 0xff, 0xff, 0xff, 0xff, 0xff, 0x40, 0x4f,
    0xed, 0xdd, 0xdd, 0xff, 0xf4, 0xff, 0xf8, 0x0,
    0x0, 0x4f, 0xff, 0x4f, 0xff, 0x80, 0x0, 0x4,
    0xff, 0xf4, 0xff, 0xf8, 0x0, 0x0, 0x4f, 0xff,
    0x42, 0x6f, 0xed, 0xdd, 0xdd, 0xff, 0xf4, 0x4,
    0xff, 0xff, 0xff, 0xff, 0xff, 0x40, 0x0, 0x0,
    0x0, 0x4, 0xff, 0xf4, 0x0, 0x0, 0x0, 0x0,
    0x4f, 0xff, 0x40, 0x0, 0x0, 0x0, 0x4, 0xff,
    0xf4, 0x0, 0x0, 0x0, 0x0, 0x4f, 0xff, 0x40,

    /* U+0072 "r" */
    0x4f, 0xff, 0x40, 0xff, 0xff, 0xf4, 0x4f, 0xff,
    0x40, 0xdd, 0xdd, 0xd3, 0x4f, 0xff, 0xff, 0x0,
    0x0, 0x0, 0x4f, 0xff, 0xed, 0x0, 0x0, 0x0,
    0x4f, 0xff, 0x40, 0x0, 0x0, 0x0, 0x4f, 0xff,
    0x40, 0x0, 0x0, 0x0, 0x4f, 0xff, 0x40, 0x0,
    0x0, 0x0, 0x4f, 0xff, 0x40, 0x0, 0x0, 0x0,
    0x4f, 0xff, 0x40, 0x0, 0x0, 0x0,

    /* U+0073 "s" */
    0x4, 0xff, 0xff, 0xff, 0xff, 0x80, 0x0, 0x4f,
    0xed, 0xdd, 0xdd, 0xd6, 0x0, 0xff, 0xf8, 0x0,
    0x0, 0x0, 0x0, 0x2, 0x6f, 0xed, 0xdd, 0xdd,
    0xd6, 0x0, 0x4, 0xff, 0xff, 0xff, 0xff, 0x80,
    0x0, 0x0, 0x0, 0x0, 0x4, 0xfe, 0xd3, 0x0,
    0x0, 0x0, 0x0, 0x4f, 0xff, 0x4d, 0xdd, 0xdd,
    0xdd, 0xde, 0xf8, 0x0, 0xff, 0xff, 0xff, 0xff,
    0xff, 0x80, 0x0,

    /* U+0074 "t" */
    0x0, 0x0, 0xcf, 0xfc, 0x0, 0x0, 0x0, 0x0,
    0xcf, 0xfc, 0x0, 0x0, 0x0, 0x0, 0xcf, 0xfc,
    0x0, 0x0, 0x0, 0x0, 0xcf, 0xfc, 0x0, 0x0,
    0x4f, 0xff, 0xff, 0xff, 0xff, 0xf4, 0x3d, 0xdd,
    0xff, 0xff, 0xdd, 0xd3, 0x0, 0x0, 0xcf, 0xfc,
    0x0, 0x0, 0x0, 0x0, 0xcf, 0xfc, 0x0, 0x0,
    0x0, 0x0, 0xcf, 0xfc, 0x0, 0x0, 0x0, 0x0,
    0xcf, 0xfc, 0x0, 0x0, 0x0, 0x0, 0xcf, 0xfc,
    0x0, 0x0, 0x0, 0x0, 0xcf, 0xfc, 0x0, 0x0,
    0x0, 0x0, 0xcf, 0xfc, 0x0, 0x0,

    /* U+0075 "u" */
    0xff, 0xf8, 0x0, 0x0, 0x4f, 0xff, 0x4f, 0xff,
    0x80, 0x0, 0x4, 0xff, 0xf4, 0xff, 0xf8, 0x0,
    0x0, 0x4f, 0xff, 0x4f, 0xff, 0x80, 0x0, 0x4,
    0xff, 0xf4, 0xff, 0xf8, 0x0, 0x0, 0x4f, 0xff,
    0x4f, 0xff, 0x80, 0x0, 0x4, 0xff, 0xf4, 0xff,
    0xf8, 0x0, 0x0, 0x4f, 0xff, 0x45, 0x7f, 0xed,
    0xdd, 0xde, 0xff, 0xf4, 0x4, 0xff, 0xff, 0xff,
    0xff, 0xff, 0x40,

    /* U+0076 "v" */
    0x4f, 0xff, 0x40, 0x4, 0xff, 0xf4, 0x4f, 0xff,
    0x40, 0x4, 0xff, 0xf4, 0x4f, 0xff, 0x40, 0x4,
    0xff, 0xf4, 0x4f, 0xff, 0x40, 0x4, 0xff, 0xf4,
    0x4f, 0xff, 0x40, 0x4, 0xff, 0xf4, 0x28, 0xcf,
    0xca, 0xac, 0xfc, 0x82, 0x0, 0x8f, 0xff, 0xff,
    0xf8, 0x0, 0x0, 0x12, 0xcf, 0xfc, 0x21, 0x0,
    0x0, 0x0, 0xcf, 0xfc, 0x0, 0x0,

    /* U+0077 "w" */
    0xff, 0xf8, 0xc, 0xf0, 0x4f, 0xff, 0x4f, 0xff,
    0x80, 0xcf, 0x4, 0xff, 0xf4, 0xff, 0xf8, 0xc,
    0xf0, 0x4f, 0xff, 0x4f, 0xff, 0x80, 0xcf, 0x4,
    0xff, 0xf4, 0xff, 0xf8, 0xc, 0xf0, 0x4f, 0xff,
    0x4f, 0xff, 0x80, 0xcf, 0x4, 0xff, 0xf4, 0xff,
    0xf8, 0xc, 0xf0, 0x4f, 0xff, 0x45, 0x7f, 0xed,
    0x75, 0xde, 0xfa, 0x51, 0x4, 0xff, 0xf4, 0xf,
    0xff, 0x80, 0x0,

    /* U+0078 "x" */
    0xff, 0xf8, 0x0, 0x0, 0x4f, 0xff, 0x4d, 0xdf,
    0xc8, 0x20, 0x8a, 0xfe, 0xd3, 0x4, 0xff, 0xf4,
    0xf, 0xff, 0x80, 0x0, 0x2, 0x9f, 0xdd, 0xfc,
    0x21, 0x0, 0x0, 0x8, 0xff, 0xff, 0xc0, 0x0,
    0x0, 0x4f, 0xff, 0x40, 0xff, 0xf8, 0x0, 0x4,
    0xff, 0xf4, 0xf, 0xff, 0x80, 0xd, 0xef, 0x80,
    0x0, 0x4, 0xfe, 0xd3, 0xff, 0xf8, 0x0, 0x0,
    0x4f, 0xff, 0x40,

    /* U+0079 "y" */
    0xff, 0xf8, 0x0, 0x0, 0x4f, 0xff, 0x4f, 0xff,
    0x80, 0x0, 0x4, 0xff, 0xf4, 0xff, 0xf8, 0x0,
    0x0, 0x4f, 0xff, 0x4f, 0xff, 0x80, 0x0, 0x4,
    0xff, 0xf4, 0xff, 0xf8, 0x0, 0x0, 0x4f, 0xff,
    0x48, 0xaf, 0xed, 0xdd, 0xdd, 0xff, 0xf4, 0x4,
    0xff, 0xff, 0xff, 0xff, 0xff, 0x40, 0x0, 0x0,
    0x0, 0x4, 0xff, 0xf4, 0x0, 0x0, 0x0, 0x0,
    0x4f, 0xff, 0x40, 0x3d, 0xdd, 0xdd, 0xdd, 0xf8,
    0x0, 0x4, 0xff, 0xff, 0xff, 0xff, 0x80, 0x0,

    /* U+007A "z" */
    0xff, 0xff, 0xff, 0xff, 0xff, 0xff, 0x4d, 0xdd,
    0xdd, 0xff, 0xff, 0xfe, 0xd3, 0x0, 0x0, 0xc,
    0xff, 0xff, 0x80, 0x0, 0x0, 0x36, 0xdf, 0xfe,
    0x94, 0x0, 0x0, 0x8, 0xff, 0xff, 0xc0, 0x0,
    0x0, 0x29, 0xcf, 0xff, 0x64, 0x0, 0x0, 0x4,
    0xff, 0xff, 0xf0, 0x0, 0x0, 0xd, 0xef, 0xff,
    0xff, 0xdd, 0xdd, 0xd3, 0xff, 0xff, 0xff, 0xff,
    0xff, 0xff, 0x40,

    /* U+007B "{" */
    0x0, 0x0, 0xff, 0xf8, 0x0, 0x0, 0xff, 0xd6,
    0x0, 0xcf, 0xfc, 0x0, 0x0, 0xcf, 0xfc, 0x0,
    0x0, 0xcf, 0xfc, 0x0, 0x0, 0xcf, 0xfc, 0x0,
    0x8f, 0xff, 0x0, 0x0, 0x5a, 0xef, 0x53, 0x0,
    0x0, 0xcf, 0xfc, 0x0, 0x0, 0xcf, 0xfc, 0x0,
    0x0, 0xcf, 0xfc, 0x0, 0x0, 0x12, 0xff, 0xd6,
    0x0, 0x0, 0xff, 0xf8,

    /* U+007C "|" */
    0xcf, 0xfc, 0xcf, 0xfc, 0xcf, 0xfc, 0xcf, 0xfc,
    0xcf, 0xfc, 0xcf, 0xfc, 0xcf, 0xfc, 0xcf, 0xfc,
    0xcf, 0xfc, 0xcf, 0xfc, 0xcf, 0xfc, 0xcf, 0xfc,
    0xcf, 0xfc,

    /* U+007D "}" */
    0x4f, 0xff, 0x40, 0x0, 0x3d, 0xef, 0x40, 0x0,
    0x0, 0x8f, 0xff, 0x0, 0x0, 0x8f, 0xff, 0x0,
    0x0, 0x8f, 0xff, 0x0, 0x0, 0x8f, 0xff, 0x0,
    0x0, 0x0, 0xcf, 0xfc, 0x0, 0x25, 0xdf, 0xa8,
    0x0, 0x8f, 0xff, 0x0, 0x0, 0x8f, 0xff, 0x0,
    0x0, 0x8f, 0xff, 0x0, 0x3d, 0xef, 0x52, 0x0,
    0x4f, 0xff, 0x40, 0x0,

    /* U+007E "~" */
    0x3, 0xdd, 0xdd, 0xd0, 0x0, 0x0, 0x0, 0x4f,
    0xff, 0xff, 0x0, 0x0, 0x0, 0xda, 0x8, 0xff,
    0xfd, 0xa0, 0x6d, 0x3f, 0xc0, 0x8f, 0xff, 0xfc,
    0x8, 0xf4, 0x0, 0x0, 0xc, 0xff, 0xfd, 0x60,
    0x0, 0x0, 0x0, 0xcf, 0xff, 0xf8, 0x0,

    /* U+007F "" */
    0x2a, 0xaa, 0x20, 0xaa, 0xa5, 0x4f, 0xff, 0x40,
    0xff, 0xf8, 0x4f, 0xff, 0x40, 0xff, 0xf8, 0x4f,
    0xff, 0x40, 0xff, 0xf8,

    /* U+00B0 "°" */
    0x0, 0xad, 0x0, 0x0, 0xcf, 0x0, 0x6d, 0x30,
    0xd9, 0x8f, 0x40, 0xfc, 0x0, 0x9d, 0x0, 0x0,
    0xcf, 0x0,

    /* U+0400 "Ѐ" */
    0x0, 0x8, 0xf4, 0x0, 0x0, 0x0, 0x0, 0x0,
    0x6d, 0x52, 0x0, 0x0, 0x0, 0x0, 0x0, 0xc,
    0xf0, 0x0, 0x0, 0x0, 0x0, 0x0, 0xcf, 0x0,
    0x0, 0x0, 0xff, 0xff, 0xff, 0xff, 0xff, 0xff,
    0x4f, 0xff, 0xed, 0xdd, 0xdd, 0xdd, 0xd3, 0xff,
    0xf8, 0x0, 0x0, 0x0, 0x0, 0xf, 0xff, 0xed,
    0xdd, 0xdd, 0xd6, 0x0, 0xff, 0xff, 0xff, 0xff,
    0xff, 0x80, 0xf, 0xff, 0x80, 0x0, 0x0, 0x0,
    0x0, 0xff, 0xf8, 0x0, 0x0, 0x0, 0x0, 0xf,
    0xff, 0xed, 0xdd, 0xdd, 0xdd, 0xd3, 0xff, 0xff,
    0xff, 0xff, 0xff, 0xff, 0x40,

    /* U+0401 "Ё" */
    0x4, 0xff, 0xf4, 0xf, 0xff, 0x80, 0x0, 0x3d,
    0xdd, 0x30, 0xdd, 0xd6, 0x0, 0x0, 0x0, 0x0,
    0x0, 0x0, 0x0, 0x0, 0x0, 0x0, 0x0, 0x0,
    0x0, 0x0, 0xff, 0xff, 0xff, 0xff, 0xff, 0xff,
    0x4f, 0xff, 0xed, 0xdd, 0xdd, 0xdd, 0xd3, 0xff,
    0xf8, 0x0, 0x0, 0x0, 0x0, 0xf, 0xff, 0xed,
    0xdd, 0xdd, 0xd6, 0x0, 0xff, 0xff, 0xff, 0xff,
    0xff, 0x80, 0xf, 0xff, 0x80, 0x0, 0x0, 0x0,
    0x0, 0xff, 0xf8, 0x0, 0x0, 0x0, 0x0, 0xf,
    0xff, 0xed, 0xdd, 0xdd, 0xdd, 0xd3, 0xff, 0xff,
    0xff, 0xff, 0xff, 0xff, 0x40,

    /* U+0402 "Ђ" */
    0xff, 0xff, 0xff, 0xff, 0xc0, 0x0, 0xd, 0xef,
    0xff, 0xed, 0xda, 0x0, 0x0, 0x4, 0xff, 0xf4,
    0x0, 0x0, 0x0, 0x0, 0x4f, 0xff, 0x40, 0x0,
    0x0, 0x0, 0x4, 0xff, 0xff, 0xff, 0xff, 0x80,
    0x0, 0x4f, 0xff, 0xdd, 0xdd, 0xfa, 0x51, 0x4,
    0xff, 0xf4, 0x0, 0x4f, 0xff, 0x40, 0x4f, 0xff,
    0x40, 0x4, 0xff, 0xf4, 0x4, 0xff, 0xf4, 0x0,
    0x4f, 0xff, 0x40, 0x4f, 0xff, 0x40, 0x4, 0xff,
    0xf4, 0x4, 0xff, 0xf4, 0x0, 0x4f, 0xff, 0x40,
    0x4f, 0xff, 0x40, 0x4, 0xff, 0xf4, 0x4, 0xff,
    0xf4, 0x0, 0x4f, 0xff, 0x40, 0x0, 0x0, 0x0,
    0xdd, 0xf8, 0x0, 0x0, 0x0, 0x0, 0xf, 0xff,
    0x80, 0x0,

    /* U+0403 "Ѓ" */
    0x0, 0x0, 0x0, 0xfc, 0x0, 0x0, 0x0, 0x0,
    0x12, 0xda, 0x0, 0x0, 0x0, 0x0, 0xcf, 0x0,
    0x0, 0x0, 0x0, 0x0, 0xcf, 0x0, 0x0, 0x0,
    0x4f, 0xff, 0xff, 0xff, 0xff, 0xf4, 0x4f, 0xff,
    0xdd, 0xdd, 0xde, 0xf4, 0x4f, 0xff, 0x40, 0x0,
    0x8, 0xf4, 0x4f, 0xff, 0x40, 0x0, 0x5, 0xa2,
    0x4f, 0xff, 0x40, 0x0, 0x0, 0x0, 0x4f, 0xff,
    0x40, 0x0, 0x0, 0x0, 0x4f, 0xff, 0x40, 0x0,
    0x0, 0x0, 0x4f, 0xff, 0x40, 0x0, 0x0, 0x0,
    0x4f, 0xff, 0x40, 0x0, 0x0, 0x0,

    /* U+0404 "Є" */
    0x0, 0x8, 0xff, 0xff, 0xff, 0x80, 0x0, 0x0,
    0x8f, 0xed, 0xde, 0xf8, 0x0, 0x4, 0xff, 0xf4,
    0x0, 0x4f, 0xff, 0x40, 0x4f, 0xed, 0x30, 0x3,
    0xdd, 0xd3, 0xff, 0xf8, 0x0, 0x0, 0x0, 0x0,
    0xf, 0xff, 0x80, 0x0, 0x0, 0x0, 0x0, 0xff,
    0xff, 0xff, 0xff, 0xff, 0x80, 0xf, 0xff, 0xed,
    0xdd, 0xdd, 0xd6, 0x0, 0xff, 0xf8, 0x0, 0x0,
    0x0, 0x0, 0x8, 0xaf, 0xed, 0x30, 0x3, 0xdd,
    0xd3, 0x4, 0xff, 0xf4, 0x0, 0x4f, 0xff, 0x40,
    0x0, 0x8f, 0xed, 0xde, 0xf8, 0x0, 0x0, 0x8,
    0xff, 0xff, 0xff, 0x80, 0x0,

    /* U+0405 "Ѕ" */
    0x4, 0xff, 0xff, 0xff, 0xff, 0x80, 0x0, 0x4f,
    0xed, 0xdd, 0xde, 0xf8, 0x0, 0xff, 0xf8, 0x0,
    0x0, 0x4f, 0xff, 0x4f, 0xff, 0x80, 0x0, 0x3,
    0xdd, 0xd3, 0xff, 0xf8, 0x0, 0x0, 0x0, 0x0,
    0xa, 0xbf, 0x80, 0x0, 0x0, 0x0, 0x0, 0x4,
    0xff, 0xff, 0xff, 0xff, 0x80, 0x0, 0x15, 0x55,
    0x55, 0x58, 0xfd, 0xa2, 0x0, 0x0, 0x0, 0x0,
    0x4f, 0xff, 0x4d, 0xdd, 0x60, 0x0, 0x4, 0xff,
    0xf4, 0xff, 0xf8, 0x0, 0x0, 0x4f, 0xff, 0x40,
    0x4f, 0xed, 0xdd, 0xde, 0xf8, 0x0, 0x4, 0xff,
    0xff, 0xff, 0xff, 0x80, 0x0,

    /* U+0406 "І" */
    0x4f, 0xff, 0xff, 0xff, 0xff, 0xf4, 0x3d, 0xdd,
    0xff, 0xff, 0xdd, 0xd3, 0x0, 0x0, 0xcf, 0xfc,
    0x0, 0x0, 0x0, 0x0, 0xcf, 0xfc, 0x0, 0x0,
    0x0, 0x0, 0xcf, 0xfc, 0x0, 0x0, 0x0, 0x0,
    0xcf, 0xfc, 0x0, 0x0, 0x0, 0x0, 0xcf, 0xfc,
    0x0, 0x0, 0x0, 0x0, 0xcf, 0xfc, 0x0, 0x0,
    0x0, 0x0, 0xcf, 0xfc, 0x0, 0x0, 0x0, 0x0,
    0xcf, 0xfc, 0x0, 0x0, 0x0, 0x0, 0xcf, 0xfc,
    0x0, 0x0, 0x3d, 0xdd, 0xff, 0xff, 0xdd, 0xd3,
    0x4f, 0xff, 0xff, 0xff, 0xff, 0xf4,

    /* U+0407 "Ї" */
    0x4f, 0xff, 0x40, 0x4, 0xff, 0xf4, 0x3d, 0xdd,
    0x30, 0x3, 0xdd, 0xd3, 0x0, 0x0, 0x0, 0x0,
    0x0, 0x0, 0x0, 0x0, 0x0, 0x0, 0x0, 0x0,
    0x4f, 0xff, 0xff, 0xff, 0xff, 0xf4, 0x3d, 0xdd,
    0xff, 0xff, 0xdd, 0xd3, 0x0, 0x0, 0xcf, 0xfc,
    0x0, 0x0, 0x0, 0x0, 0xcf, 0xfc, 0x0, 0x0,
    0x0, 0x0, 0xcf, 0xfc, 0x0, 0x0, 0x0, 0x0,
    0xcf, 0xfc, 0x0, 0x0, 0x0, 0x0, 0xcf, 0xfc,
    0x0, 0x0, 0x3d, 0xdd, 0xff, 0xff, 0xdd, 0xd3,
    0x4f, 0xff, 0xff, 0xff, 0xff, 0xf4,

    /* U+0408 "Ј" */
    0x0, 0x0, 0x0, 0x0, 0x4f, 0xff, 0x40, 0x0,
    0x0, 0x0, 0x4, 0xff, 0xf4, 0x0, 0x0, 0x0,
    0x0, 0x4f, 0xff, 0x40, 0x0, 0x0, 0x0, 0x4,
    0xff, 0xf4, 0x0, 0x0, 0x0, 0x0, 0x4f, 0xff,
    0x40, 0x0, 0x0, 0x0, 0x4, 0xff, 0xf4, 0x0,
    0x0, 0x0, 0x0, 0x4f, 0xff, 0x40, 0x0, 0x0,
    0x0, 0x4, 0xff, 0xf4, 0x0, 0x0, 0x0, 0x0,
    0x4f, 0xff, 0x4d, 0xdd, 0x60, 0x0, 0x4, 0xff,
    0xf4, 0xff, 0xf8, 0x0, 0x0, 0x4f, 0xff, 0x40,
    0x4f, 0xed, 0xdd, 0xde, 0xf8, 0x0, 0x4, 0xff,
    0xff, 0xff, 0xff, 0x80, 0x0,

    /* U+0409 "Љ" */
    0x4, 0xff, 0xff, 0xff, 0xc0, 0x0, 0x0, 0x4f,
    0xed, 0xff, 0xfc, 0x0, 0x0, 0x4, 0xf8, 0xc,
    0xff, 0xc0, 0x0, 0x0, 0x4f, 0x80, 0xcf, 0xfc,
    0x0, 0x0, 0x4, 0xf8, 0xc, 0xff, 0xff, 0xff,
    0x40, 0x4f, 0x80, 0xcf, 0xff, 0xde, 0xf4, 0x4,
    0xf8, 0xc, 0xff, 0xc0, 0x8f, 0x40, 0x4f, 0x80,
    0xcf, 0xfc, 0x8, 0xf4, 0x4, 0xf8, 0xc, 0xff,
    0xc0, 0x8f, 0x4a, 0xcf, 0x80, 0xcf, 0xfc, 0x8,
    0xf4, 0xff, 0xf8, 0xc, 0xff, 0xc0, 0x8f, 0x4f,
    0xff, 0x80, 0xcf, 0xff, 0xde, 0xf4, 0xff, 0xf8,
    0xc, 0xff, 0xff, 0xff, 0x40,

    /* U+040A "Њ" */
    0xff, 0xf8, 0xc, 0xff, 0xc0, 0x0, 0xf, 0xff,
    0x80, 0xcf, 0xfc, 0x0, 0x0, 0xff, 0xf8, 0xc,
    0xff, 0xc0, 0x0, 0xf, 0xff, 0x80, 0xcf, 0xfc,
    0x0, 0x0, 0xff, 0xf8, 0xc, 0xff, 0xff, 0xff,
    0x4f, 0xff, 0x80, 0xcf, 0xff, 0xde, 0xf4, 0xff,
    0xff, 0xff, 0xff, 0xc0, 0x8f, 0x4f, 0xff, 0xed,
    0xff, 0xfc, 0x8, 0xf4, 0xff, 0xf8, 0xc, 0xff,
    0xc0, 0x8f, 0x4f, 0xff, 0x80, 0xcf, 0xfc, 0x8,
    0xf4, 0xff, 0xf8, 0xc, 0xff, 0xc0, 0x8f, 0x4f,
    0xff, 0x80, 0xcf, 0xff, 0xde, 0xf4, 0xff, 0xf8,
    0xc, 0xff, 0xff, 0xff, 0x40,

    /* U+040B "Ћ" */
    0xff, 0xff, 0xff, 0xff, 0xc0, 0x0, 0xd, 0xef,
    0xff, 0xed, 0xda, 0x0, 0x0, 0x4, 0xff, 0xf4,
    0x0, 0x0, 0x0, 0x0, 0x4f, 0xff, 0x40, 0x0,
    0x0, 0x0, 0x4, 0xff, 0xff, 0xff, 0xff, 0x80,
    0x0, 0x4f, 0xff, 0xdd, 0xdd, 0xfa, 0x51, 0x4,
    0xff, 0xf4, 0x0, 0x4f, 0xff, 0x40, 0x4f, 0xff,
    0x40, 0x4, 0xff, 0xf4, 0x4, 0xff, 0xf4, 0x0,
    0x4f, 0xff, 0x40, 0x4f, 0xff, 0x40, 0x4, 0xff,
    0xf4, 0x4, 0xff, 0xf4, 0x0, 0x4f, 0xff, 0x40,
    0x4f, 0xff, 0x40, 0x4, 0xff, 0xf4, 0x4, 0xff,
    0xf4, 0x0, 0x4f, 0xff, 0x40,

    /* U+040C "Ќ" */
    0x0, 0x0, 0x0, 0xf, 0xc0, 0x0, 0x0, 0x0,
    0x0, 0x0, 0xda, 0x0, 0x0, 0x0, 0x0, 0xc,
    0xf0, 0x0, 0x0, 0x0, 0x0, 0x0, 0x9d, 0x0,
    0x0, 0x0, 0xff, 0xf8, 0x0, 0x0, 0x4f, 0xff,
    0x4f, 0xff, 0x80, 0x0, 0x25, 0xdd, 0xd3, 0xff,
    0xf8, 0x0, 0xf, 0xc0, 0x0, 0xf, 0xff, 0xed,
    0xdd, 0xff, 0xd6, 0x0, 0xff, 0xff, 0xff, 0xff,
    0xff, 0x80, 0xf, 0xff, 0x80, 0x0, 0x4, 0xfd,
    0xa2, 0xff, 0xf8, 0x0, 0x0, 0x4f, 0xff, 0x4f,
    0xff, 0x80, 0x0, 0x4, 0xff, 0xf4, 0xff, 0xf8,
    0x0, 0x0, 0x4f, 0xff, 0x40,

    /* U+040D "Ѝ" */
    0x0, 0x8, 0xf4, 0x0, 0x0, 0x0, 0x0, 0x0,
    0x6d, 0x30, 0x0, 0x0, 0x0, 0x0, 0x0, 0xc,
    0xf0, 0x0, 0x0, 0x0, 0x0, 0x0, 0x9d, 0x0,
    0x0, 0x0, 0xff, 0xf8, 0x0, 0x0, 0x4f, 0xff,
    0x4f, 0xff, 0x80, 0x0, 0xac, 0xff, 0xf4, 0xff,
    0xf8, 0x0, 0xf, 0xff, 0xff, 0x4f, 0xff, 0x80,
    0x7a, 0xff, 0xff, 0xf4, 0xff, 0xf8, 0xc, 0xff,
    0xff, 0xff, 0x4f, 0xff, 0xda, 0xef, 0x4, 0xff,
    0xf4, 0xff, 0xff, 0xff, 0xf0, 0x4f, 0xff, 0x4f,
    0xff, 0xff, 0x40, 0x4, 0xff, 0xf4, 0xff, 0xff,
    0xf4, 0x0, 0x4f, 0xff, 0x40,

    /* U+040E "Ў" */
    0x4, 0xff, 0xff, 0xff, 0xff, 0x80, 0x0, 0x3d,
    0xdd, 0xdd, 0xdd, 0xd6, 0x0, 0x0, 0x0, 0x0,
    0x0, 0x0, 0x0, 0x0, 0x0, 0x0, 0x0, 0x0,
    0x0, 0x0, 0xff, 0xf8, 0x0, 0x0, 0x4f, 0xff,
    0x4f, 0xff, 0x80, 0x0, 0x4, 0xff, 0xf4, 0xff,
    0xf8, 0x0, 0x0, 0x4f, 0xff, 0x4f, 0xff, 0x80,
    0x0, 0x4, 0xff, 0xf4, 0xff, 0xf8, 0x0, 0x0,
    0x4f, 0xff, 0x48, 0xaf, 0xed, 0xdd, 0xdd, 0xff,
    0xf4, 0x4, 0xff, 0xff, 0xff, 0xff, 0xff, 0x40,
    0x0, 0x0, 0x0, 0x4, 0xff, 0xf4, 0x0, 0x0,
    0x0, 0x0, 0x4f, 0xff, 0x40, 0x3d, 0xdd, 0xdd,
    0xdd, 0xf8, 0x0, 0x4, 0xff, 0xff, 0xff, 0xff,
    0x80, 0x0,

    /* U+040F "Џ" */
    0xff, 0xf8, 0x0, 0x0, 0x4f, 0xff, 0x4f, 0xff,
    0x80, 0x0, 0x4, 0xff, 0xf4, 0xff, 0xf8, 0x0,
    0x0, 0x4f, 0xff, 0x4f, 0xff, 0x80, 0x0, 0x4,
    0xff, 0xf4, 0xff, 0xf8, 0x0, 0x0, 0x4f, 0xff,
    0x4f, 0xff, 0x80, 0x0, 0x4, 0xff, 0xf4, 0xff,
    0xf8, 0x0, 0x0, 0x4f, 0xff, 0x4f, 0xff, 0x80,
    0x0, 0x4, 0xff, 0xf4, 0xff, 0xf8, 0x0, 0x0,
    0x4f, 0xff, 0x4f, 0xff, 0x80, 0x0, 0x4, 0xff,
    0xf4, 0xff, 0xf8, 0x0, 0x0, 0x4f, 0xff, 0x4f,
    0xff, 0xed, 0xdd, 0xde, 0xff, 0xf4, 0xff, 0xff,
    0xff, 0xff, 0xff, 0xff, 0x40, 0x0, 0x0, 0xcf,
    0x0, 0x0, 0x0, 0x0, 0x0, 0xc, 0xf0, 0x0,
    0x0, 0x0,

    /* U+0410 "А" */
    0x0, 0x8, 0xff, 0xff, 0xc0, 0x0, 0x0, 0x2,
    0x9f, 0xed, 0xfc, 0x21, 0x0, 0x4, 0xff, 0xf4,
    0xf, 0xff, 0x80, 0x0, 0x4f, 0xff, 0x40, 0xff,
    0xf8, 0x0, 0xff, 0xf8, 0x0, 0x0, 0x4f, 0xff,
    0x4f, 0xff, 0x80, 0x0, 0x4, 0xff, 0xf4, 0xff,
    0xf8, 0x0, 0x0, 0x4f, 0xff, 0x4f, 0xff, 0xed,
    0xdd, 0xdd, 0xff, 0xf4, 0xff, 0xff, 0xff, 0xff,
    0xff, 0xff, 0x4f, 0xff, 0x80, 0x0, 0x4, 0xff,
    0xf4, 0xff, 0xf8, 0x0, 0x0, 0x4f, 0xff, 0x4f,
    0xff, 0x80, 0x0, 0x4, 0xff, 0xf4, 0xff, 0xf8,
    0x0, 0x0, 0x4f, 0xff, 0x40,

    /* U+0411 "Б" */
    0xff, 0xff, 0xff, 0xff, 0xff, 0x80, 0xf, 0xff,
    0xed, 0xdd, 0xdd, 0xd6, 0x0, 0xff, 0xf8, 0x0,
    0x0, 0x0, 0x0, 0xf, 0xff, 0x80, 0x0, 0x0,
    0x0, 0x0, 0xff, 0xf8, 0x0, 0x0, 0x0, 0x0,
    0xf, 0xff, 0x80, 0x0, 0x0, 0x0, 0x0, 0xff,
    0xff, 0xff, 0xff, 0xff, 0x80, 0xf, 0xff, 0xa5,
    0x55, 0x58, 0xfd, 0xa2, 0xff, 0xf8, 0x0, 0x0,
    0x4f, 0xff, 0x4f, 0xff, 0x80, 0x0, 0x4, 0xff,
    0xf4, 0xff, 0xf8, 0x0, 0x0, 0x4f, 0xff, 0x4f,
    0xff, 0xed, 0xdd, 0xde, 0xf8, 0x0, 0xff, 0xff,
    0xff, 0xff, 0xff, 0x80, 0x0,

    /* U+0412 "В" */
    0xff, 0xff, 0xff, 0xff, 0xff, 0x80, 0xf, 0xff,
    0xed, 0xdd, 0xde, 0xf8, 0x0, 0xff, 0xf8, 0x0,
    0x0, 0x4f, 0xff, 0x4f, 0xff, 0x80, 0x0, 0x4,
    0xff, 0xf4, 0xff, 0xf8, 0x0, 0x0, 0x4f, 0xff,
    0x4f, 0xff, 0x80, 0x0, 0x4, 0xfd, 0xa2, 0xff,
    0xff, 0xff, 0xff, 0xff, 0x80, 0xf, 0xff, 0xa5,
    0x55, 0x58, 0xfd, 0xa2, 0xff, 0xf8, 0x0, 0x0,
    0x4f, 0xff, 0x4f, 0xff, 0x80, 0x0, 0x4, 0xff,
    0xf4, 0xff, 0xf8, 0x0, 0x0, 0x4f, 0xff, 0x4f,
    0xff, 0xed, 0xdd, 0xde, 0xf8, 0x0, 0xff, 0xff,
    0xff, 0xff, 0xff, 0x80, 0x0,

    /* U+0413 "Г" */
    0x4f, 0xff, 0xff, 0xff, 0xff, 0xf4, 0x4f, 0xff,
    0xed, 0xdd, 0xde, 0xf4, 0x4f, 0xff, 0x40, 0x0,
    0x8, 0xf4, 0x4f, 0xff, 0x40, 0x0, 0x5, 0xb2,
    0x4f, 0xff, 0x40, 0x0, 0x0, 0x0, 0x4f, 0xff,
    0x40, 0x0, 0x0, 0x0, 0x4f, 0xff, 0x40, 0x0,
    0x0, 0x0, 0x4f, 0xff, 0x40, 0x0, 0x0, 0x0,
    0x4f, 0xff, 0x40, 0x0, 0x0, 0x0, 0x4f, 0xff,
    0x40, 0x0, 0x0, 0x0, 0x4f, 0xff, 0x40, 0x0,
    0x0, 0x0, 0x4f, 0xff, 0x40, 0x0, 0x0, 0x0,
    0x4f, 0xff, 0x40, 0x0, 0x0, 0x0,

    /* U+0414 "Д" */
    0x0, 0x8, 0xff, 0xff, 0xff, 0xff, 0x40, 0x0,
    0x8, 0xfe, 0xdd, 0xef, 0xff, 0x40, 0x0, 0x8,
    0xf4, 0x0, 0x4f, 0xff, 0x40, 0x0, 0x8, 0xf4,
    0x0, 0x4f, 0xff, 0x40, 0x0, 0x8, 0xf4, 0x0,
    0x4f, 0xff, 0x40, 0x0, 0x8, 0xf4, 0x0, 0x4f,
    0xff, 0x40, 0x0, 0x8, 0xf4, 0x0, 0x4f, 0xff,
    0x40, 0x2, 0x9c, 0xf4, 0x0, 0x4f, 0xff, 0x40,
    0x4, 0xff, 0xf4, 0x0, 0x4f, 0xff, 0x40, 0x4,
    0xff, 0xf4, 0x0, 0x4f, 0xff, 0x40, 0x4, 0xff,
    0xf4, 0x0, 0x4f, 0xff, 0x40, 0xde, 0xff, 0xfe,
    0xdd, 0xef, 0xff, 0xed, 0xff, 0xff, 0xff, 0xff,
    0xff, 0xff, 0xff, 0xff, 0xf8, 0x0, 0x0, 0x0,
    0x8f, 0xff, 0xff, 0xf8, 0x0, 0x0, 0x0, 0x8f,
    0xff,

    /* U+0415 "Е" */
    0xff, 0xff, 0xff, 0xff, 0xff, 0xff, 0x4f, 0xff,
    0xed, 0xdd, 0xdd, 0xdd, 0xd3, 0xff, 0xf8, 0x0,
    0x0, 0x0, 0x0, 0xf, 0xff, 0x80, 0x0, 0x0,
    0x0, 0x0, 0xff, 0xf8, 0x0, 0x0, 0x0, 0x0,
    0xf, 0xff, 0x80, 0x0, 0x0, 0x0, 0x0, 0xff,
    0xff, 0xff, 0xff, 0xff, 0x80, 0xf, 0xff, 0xed,
    0xdd, 0xdd, 0xd6, 0x0, 0xff, 0xf8, 0x0, 0x0,
    0x0, 0x0, 0xf, 0xff, 0x80, 0x0, 0x0, 0x0,
    0x0, 0xff, 0xf8, 0x0, 0x0, 0x0, 0x0, 0xf,
    0xff, 0xed, 0xdd, 0xdd, 0xdd, 0xd3, 0xff, 0xff,
    0xff, 0xff, 0xff, 0xff, 0x40,

    /* U+0416 "Ж" */
    0xff, 0xf8, 0xc, 0xf0, 0x4f, 0xff, 0x4f, 0xff,
    0x80, 0xcf, 0x4, 0xff, 0xf4, 0xff, 0xf8, 0xc,
    0xf0, 0x4f, 0xff, 0x4a, 0xcf, 0x80, 0xcf, 0x4,
    0xfd, 0xa2, 0x4, 0xf8, 0xc, 0xf0, 0x4f, 0x80,
    0x0, 0x4f, 0x80, 0xcf, 0x4, 0xf8, 0x0, 0x0,
    0x8, 0xff, 0xff, 0xc0, 0x0, 0x0, 0x15, 0x8a,
    0xef, 0xa9, 0x52, 0x0, 0x4, 0xf8, 0xc, 0xf0,
    0x4f, 0x80, 0xa, 0xcf, 0x80, 0xcf, 0x4, 0xfd,
    0xa2, 0xff, 0xf8, 0xc, 0xf0, 0x4f, 0xff, 0x4f,
    0xff, 0x80, 0xcf, 0x4, 0xff, 0xf4, 0xff, 0xf8,
    0xc, 0xf0, 0x4f, 0xff, 0x40,

    /* U+0417 "З" */
    0x4, 0xff, 0xff, 0xff, 0xff, 0x80, 0x0, 0x4f,
    0xed, 0xdd, 0xde, 0xf8, 0x0, 0xff, 0xf8, 0x0,
    0x0, 0x4f, 0xff, 0x4d, 0xdd, 0x60, 0x0, 0x4,
    0xff, 0xf4, 0x0, 0x0, 0x0, 0x0, 0x4f, 0xff,
    0x40, 0x0, 0x0, 0x0, 0x4, 0xfd, 0xa2, 0x0,
    0x8, 0xff, 0xff, 0xff, 0x80, 0x0, 0x0, 0x25,
    0x55, 0x58, 0xfd, 0xa2, 0x0, 0x0, 0x0, 0x0,
    0x4f, 0xff, 0x4d, 0xdd, 0x60, 0x0, 0x4, 0xff,
    0xf4, 0xff, 0xf8, 0x0, 0x0, 0x4f, 0xff, 0x40,
    0x4f, 0xed, 0xdd, 0xde, 0xf8, 0x0, 0x4, 0xff,
    0xff, 0xff, 0xff, 0x80, 0x0,

    /* U+0418 "И" */
    0xff, 0xf8, 0x0, 0x0, 0x4f, 0xff, 0x4f, 0xff,
    0x80, 0x0, 0x4, 0xff, 0xf4, 0xff, 0xf8, 0x0,
    0x0, 0x4f, 0xff, 0x4f, 0xff, 0x80, 0x0, 0x4,
    0xff, 0xf4, 0xff, 0xf8, 0x0, 0xf, 0xff, 0xff,
    0x4f, 0xff, 0x80, 0x8a, 0xff, 0xff, 0xf4, 0xff,
    0xf8, 0xc, 0xff, 0xff, 0xff, 0x4f, 0xff, 0xda,
    0xef, 0xac, 0xff, 0xf4, 0xff, 0xff, 0xff, 0xf0,
    0x4f, 0xff, 0x4f, 0xff, 0xff, 0x40, 0x4, 0xff,
    0xf4, 0xff, 0xff, 0xf4, 0x0, 0x4f, 0xff, 0x4f,
    0xff, 0x80, 0x0, 0x4, 0xff, 0xf4, 0xff, 0xf8,
    0x0, 0x0, 0x4f, 0xff, 0x40,

    /* U+0419 "Й" */
    0x4, 0xff, 0xff, 0xff, 0xff, 0x80, 0x0, 0x3d,
    0xdd, 0xdd, 0xdd, 0xd6, 0x0, 0x0, 0x0, 0x0,
    0x0, 0x0, 0x0, 0x0, 0x0, 0x0, 0x0, 0x0,
    0x0, 0x0, 0xff, 0xf8, 0x0, 0x0, 0x4f, 0xff,
    0x4f, 0xff, 0x80, 0x0, 0xac, 0xff, 0xf4, 0xff,
    0xf8, 0x0, 0xf, 0xff, 0xff, 0x4f, 0xff, 0x80,
    0x7a, 0xff, 0xff, 0xf4, 0xff, 0xf8, 0xc, 0xff,
    0xff, 0xff, 0x4f, 0xff, 0xda, 0xef, 0x4, 0xff,
    0xf4, 0xff, 0xff, 0xff, 0xf0, 0x4f, 0xff, 0x4f,
    0xff, 0xff, 0x40, 0x4, 0xff, 0xf4, 0xff, 0xff,
    0xf4, 0x0, 0x4f, 0xff, 0x40,

    /* U+041A "К" */
    0xff, 0xf8, 0x0, 0x0, 0x4f, 0xff, 0x4f, 0xff,
    0x80, 0x0, 0x4, 0xfe, 0xd3, 0xff, 0xf8, 0x0,
    0xf, 0xff, 0x80, 0xf, 0xff, 0x80, 0x0, 0xdd,
    0xd6, 0x0, 0xff, 0xf8, 0xc, 0xf0, 0x0, 0x0,
    0xf, 0xff, 0xc8, 0xef, 0x86, 0x0, 0x0, 0xff,
    0xff, 0xff, 0xff, 0xc0, 0x0, 0xf, 0xff, 0xa5,
    0x55, 0xfe, 0xa5, 0x0, 0xff, 0xf8, 0x0, 0xf,
    0xff, 0x80, 0xf, 0xff, 0x80, 0x0, 0xff, 0xf8,
    0x0, 0xff, 0xf8, 0x0, 0xf, 0xff, 0x80, 0xf,
    0xff, 0x80, 0x0, 0x4, 0xfe, 0xd3, 0xff, 0xf8,
    0x0, 0x0, 0x4f, 0xff, 0x40,

    /* U+041B "Л" */
    0x0, 0x8, 0xff, 0xff, 0xff, 0xff, 0x40, 0x0,
    0x8f, 0xed, 0xde, 0xff, 0xf4, 0x0, 0x8, 0xf4,
    0x0, 0x4f, 0xff, 0x40, 0x0, 0x8f, 0x40, 0x4,
    0xff, 0xf4, 0x0, 0x8, 0xf4, 0x0, 0x4f, 0xff,
    0x40, 0x0, 0x8f, 0x40, 0x4, 0xff, 0xf4, 0x0,
    0x8, 0xf4, 0x0, 0x4f, 0xff, 0x40, 0x28, 0xcf,
    0x40, 0x4, 0xff, 0xf4, 0x4, 0xff, 0xf4, 0x0,
    0x4f, 0xff, 0x4a, 0xcf, 0xff, 0x40, 0x4, 0xff,
    0xf4, 0xff, 0xff, 0xf4, 0x0, 0x4f, 0xff, 0x4f,
    0xff, 0x92, 0x0, 0x4, 0xff, 0xf4, 0xff, 0xf8,
    0x0, 0x0, 0x4f, 0xff, 0x40,

    /* U+041C "М" */
    0xff, 0xf8, 0x0, 0x0, 0x4f, 0xff, 0x4f, 0xff,
    0x80, 0x0, 0x4, 0xff, 0xf4, 0xff, 0xff, 0xf4,
    0xf, 0xff, 0xff, 0x4f, 0xff, 0xff, 0x40, 0xff,
    0xff, 0xf4, 0xff, 0xff, 0xff, 0xff, 0xff, 0xff,
    0x4f, 0xff, 0xda, 0xef, 0xab, 0xff, 0xf4, 0xff,
    0xf8, 0xc, 0xf0, 0x4f, 0xff, 0x4f, 0xff, 0x80,
    0xcf, 0x4, 0xff, 0xf4, 0xff, 0xf8, 0xc, 0xf0,
    0x4f, 0xff, 0x4f, 0xff, 0x80, 0x68, 0x4, 0xff,
    0xf4, 0xff, 0xf8, 0x0, 0x0, 0x4f, 0xff, 0x4f,
    0xff, 0x80, 0x0, 0x4, 0xff, 0xf4, 0xff, 0xf8,
    0x0, 0x0, 0x4f, 0xff, 0x40,

    /* U+041D "Н" */
    0xff, 0xf8, 0x0, 0x0, 0x4f, 0xff, 0x4f, 0xff,
    0x80, 0x0, 0x4, 0xff, 0xf4, 0xff, 0xf8, 0x0,
    0x0, 0x4f, 0xff, 0x4f, 0xff, 0x80, 0x0, 0x4,
    0xff, 0xf4, 0xff, 0xf8, 0x0, 0x0, 0x4f, 0xff,
    0x4f, 0xff, 0x80, 0x0, 0x4, 0xff, 0xf4, 0xff,
    0xff, 0xff, 0xff, 0xff, 0xff, 0x4f, 0xff, 0xed,
    0xdd, 0xde, 0xff, 0xf4, 0xff, 0xf8, 0x0, 0x0,
    0x4f, 0xff, 0x4f, 0xff, 0x80, 0x0, 0x4, 0xff,
    0xf4, 0xff, 0xf8, 0x0, 0x0, 0x4f, 0xff, 0x4f,
    0xff, 0x80, 0x0, 0x4, 0xff, 0xf4, 0xff, 0xf8,
    0x0, 0x0, 0x4f, 0xff, 0x40,

    /* U+041E "О" */
    0x4, 0xff, 0xff, 0xff, 0xff, 0x80, 0x0, 0x4f,
    0xed, 0xdd, 0xde, 0xf8, 0x0, 0xff, 0xf8, 0x0,
    0x0, 0x4f, 0xff, 0x4f, 0xff, 0x80, 0x0, 0x4,
    0xff, 0xf4, 0xff, 0xf8, 0x0, 0x0, 0x4f, 0xff,
    0x4f, 0xff, 0x80, 0x0, 0x4, 0xff, 0xf4, 0xff,
    0xf8, 0x0, 0x0, 0x4f, 0xff, 0x4f, 0xff, 0x80,
    0x0, 0x4, 0xff, 0xf4, 0xff, 0xf8, 0x0, 0x0,
    0x4f, 0xff, 0x4f, 0xff, 0x80, 0x0, 0x4, 0xff,
    0xf4, 0xff, 0xf8, 0x0, 0x0, 0x4f, 0xff, 0x42,
    0x5f, 0xed, 0xdd, 0xde, 0xf9, 0x20, 0x4, 0xff,
    0xff, 0xff, 0xff, 0x80, 0x0,

    /* U+041F "П" */
    0xff, 0xff, 0xff, 0xff, 0xff, 0xff, 0x4f, 0xff,
    0xed, 0xdd, 0xde, 0xff, 0xf4, 0xff, 0xf8, 0x0,
    0x0, 0x4f, 0xff, 0x4f, 0xff, 0x80, 0x0, 0x4,
    0xff, 0xf4, 0xff, 0xf8, 0x0, 0x0, 0x4f, 0xff,
    0x4f, 0xff, 0x80, 0x0, 0x4, 0xff, 0xf4, 0xff,
    0xf8, 0x0, 0x0, 0x4f, 0xff, 0x4f, 0xff, 0x80,
    0x0, 0x4, 0xff, 0xf4, 0xff, 0xf8, 0x0, 0x0,
    0x4f, 0xff, 0x4f, 0xff, 0x80, 0x0, 0x4, 0xff,
    0xf4, 0xff, 0xf8, 0x0, 0x0, 0x4f, 0xff, 0x4f,
    0xff, 0x80, 0x0, 0x4, 0xff, 0xf4, 0xff, 0xf8,
    0x0, 0x0, 0x4f, 0xff, 0x40,

    /* U+0420 "Р" */
    0xff, 0xff, 0xff, 0xff, 0xff, 0x80, 0xf, 0xff,
    0xed, 0xdd, 0xde, 0xf8, 0x0, 0xff, 0xf8, 0x0,
    0x0, 0x4f, 0xff, 0x4f, 0xff, 0x80, 0x0, 0x4,
    0xff, 0xf4, 0xff, 0xf8, 0x0, 0x0, 0x4f, 0xff,
    0x4f, 0xff, 0x80, 0x0, 0x4, 0xff, 0xf4, 0xff,
    0xf8, 0x0, 0x0, 0x4f, 0xff, 0x4f, 0xff, 0xed,
    0xdd, 0xdd, 0xf9, 0x20, 0xff, 0xff, 0xff, 0xff,
    0xff, 0x80, 0xf, 0xff, 0x80, 0x0, 0x0, 0x0,
    0x0, 0xff, 0xf8, 0x0, 0x0, 0x0, 0x0, 0xf,
    0xff, 0x80, 0x0, 0x0, 0x0, 0x0, 0xff, 0xf8,
    0x0, 0x0, 0x0, 0x0, 0x0,

    /* U+0421 "С" */
    0x0, 0x8, 0xff, 0xff, 0xff, 0x80, 0x0, 0x0,
    0x8f, 0xed, 0xde, 0xf8, 0x0, 0x4, 0xff, 0xf4,
    0x0, 0x4f, 0xff, 0x40, 0x4f, 0xed, 0x30, 0x3,
    0xdd, 0xd3, 0xff, 0xf8, 0x0, 0x0, 0x0, 0x0,
    0xf, 0xff, 0x80, 0x0, 0x0, 0x0, 0x0, 0xff,
    0xf8, 0x0, 0x0, 0x0, 0x0, 0xf, 0xff, 0x80,
    0x0, 0x0, 0x0, 0x0, 0xff, 0xf8, 0x0, 0x0,
    0x0, 0x0, 0x8, 0xaf, 0xed, 0x30, 0x3, 0xdd,
    0xd3, 0x4, 0xff, 0xf4, 0x0, 0x4f, 0xff, 0x40,
    0x0, 0x8f, 0xed, 0xde, 0xf8, 0x0, 0x0, 0x8,
    0xff, 0xff, 0xff, 0x80, 0x0,

    /* U+0422 "Т" */
    0x4f, 0xff, 0xff, 0xff, 0xff, 0xf4, 0x3d, 0xdd,
    0xff, 0xff, 0xdd, 0xd3, 0x0, 0x0, 0xcf, 0xfc,
    0x0, 0x0, 0x0, 0x0, 0xcf, 0xfc, 0x0, 0x0,
    0x0, 0x0, 0xcf, 0xfc, 0x0, 0x0, 0x0, 0x0,
    0xcf, 0xfc, 0x0, 0x0, 0x0, 0x0, 0xcf, 0xfc,
    0x0, 0x0, 0x0, 0x0, 0xcf, 0xfc, 0x0, 0x0,
    0x0, 0x0, 0xcf, 0xfc, 0x0, 0x0, 0x0, 0x0,
    0xcf, 0xfc, 0x0, 0x0, 0x0, 0x0, 0xcf, 0xfc,
    0x0, 0x0, 0x0, 0x0, 0xcf, 0xfc, 0x0, 0x0,
    0x0, 0x0, 0xcf, 0xfc, 0x0, 0x0,

    /* U+0423 "У" */
    0xff, 0xf8, 0x0, 0x0, 0x4f, 0xff, 0x4f, 0xff,
    0x80, 0x0, 0x4, 0xff, 0xf4, 0xff, 0xf8, 0x0,
    0x0, 0x4f, 0xff, 0x4f, 0xff, 0x80, 0x0, 0x4,
    0xff, 0xf4, 0xff, 0xf8, 0x0, 0x0, 0x4f, 0xff,
    0x48, 0xaf, 0x80, 0x0, 0x4, 0xff, 0xf4, 0x4,
    0xff, 0xff, 0xff, 0xff, 0xff, 0x40, 0x3d, 0xdd,
    0xdd, 0xde, 0xff, 0xf4, 0x0, 0x0, 0x0, 0x0,
    0x4f, 0xff, 0x4d, 0xdd, 0x60, 0x0, 0x4, 0xff,
    0xf4, 0xff, 0xf8, 0x0, 0x0, 0x4f, 0xff, 0x40,
    0x4f, 0xed, 0xdd, 0xde, 0xf8, 0x0, 0x4, 0xff,
    0xff, 0xff, 0xff, 0x80, 0x0,

    /* U+0424 "Ф" */
    0x0, 0x0, 0xc, 0xf0, 0x0, 0x0, 0x0, 0x0,
    0x0, 0xcf, 0x0, 0x0, 0x0, 0x4, 0xff, 0xff,
    0xff, 0xff, 0x80, 0x0, 0x4f, 0xed, 0xff, 0xdd,
    0xf8, 0x0, 0xff, 0xf8, 0xc, 0xf0, 0x4f, 0xff,
    0x4f, 0xff, 0x80, 0xcf, 0x4, 0xff, 0xf4, 0xff,
    0xf8, 0xc, 0xf0, 0x4f, 0xff, 0x4f, 0xff, 0x80,
    0xcf, 0x4, 0xff, 0xf4, 0xff, 0xf8, 0xc, 0xf0,
    0x4f, 0xff, 0x48, 0xaf, 0xed, 0xff, 0xdd, 0xfc,
    0x82, 0x4, 0xff, 0xff, 0xff, 0xff, 0x80, 0x0,
    0x0, 0x0, 0xcf, 0x0, 0x0, 0x0, 0x0, 0x0,
    0xc, 0xf0, 0x0, 0x0, 0x0,

    /* U+0425 "Х" */
    0xff, 0xf8, 0x0, 0x0, 0x4f, 0xff, 0x4f, 0xff,
    0x80, 0x0, 0x4, 0xff, 0xf4, 0xff, 0xf8, 0x0,
    0x0, 0x4f, 0xff, 0x4a, 0xcf, 0x80, 0x0, 0x4,
    0xfd, 0xa2, 0x4, 0xff, 0xf4, 0xf, 0xff, 0x80,
    0x0, 0x4f, 0xff, 0x40, 0xff, 0xf8, 0x0, 0x0,
    0x8, 0xff, 0xff, 0xc0, 0x0, 0x0, 0x15, 0xaf,
    0xca, 0xfd, 0x52, 0x0, 0x4, 0xff, 0xf4, 0xf,
    0xff, 0x80, 0xa, 0xcf, 0xc8, 0x20, 0x8a, 0xfd,
    0xa2, 0xff, 0xf8, 0x0, 0x0, 0x4f, 0xff, 0x4f,
    0xff, 0x80, 0x0, 0x4, 0xff, 0xf4, 0xff, 0xf8,
    0x0, 0x0, 0x4f, 0xff, 0x40,

    /* U+0426 "Ц" */
    0xff, 0xf8, 0x0, 0xf, 0xff, 0x80, 0xf, 0xff,
    0x80, 0x0, 0xff, 0xf8, 0x0, 0xff, 0xf8, 0x0,
    0xf, 0xff, 0x80, 0xf, 0xff, 0x80, 0x0, 0xff,
    0xf8, 0x0, 0xff, 0xf8, 0x0, 0xf, 0xff, 0x80,
    0xf, 0xff, 0x80, 0x0, 0xff, 0xf8, 0x0, 0xff,
    0xf8, 0x0, 0xf, 0xff, 0x80, 0xf, 0xff, 0x80,
    0x0, 0xff, 0xf8, 0x0, 0xff, 0xf8, 0x0, 0xf,
    0xff, 0x80, 0xf, 0xff, 0x80, 0x0, 0xff, 0xf8,
    0x0, 0xff, 0xf8, 0x0, 0xf, 0xff, 0x80, 0xf,
    0xff, 0xed, 0xdd, 0xff, 0xfe, 0xd3, 0xff, 0xff,
    0xff, 0xff, 0xff, 0xff, 0x40, 0x0, 0x0, 0x0,
    0x4, 0xff, 0xf4, 0x0, 0x0, 0x0, 0x0, 0x4f,
    0xff, 0x40,

    /* U+0427 "Ч" */
    0xff, 0xf8, 0x0, 0x0, 0x4f, 0xff, 0x4f, 0xff,
    0x80, 0x0, 0x4, 0xff, 0xf4, 0xff, 0xf8, 0x0,
    0x0, 0x4f, 0xff, 0x4f, 0xff, 0x80, 0x0, 0x4,
    0xff, 0xf4, 0xff, 0xf8, 0x0, 0x0, 0x4f, 0xff,
    0x48, 0xaf, 0x80, 0x0, 0x4, 0xff, 0xf4, 0x4,
    0xff, 0xff, 0xff, 0xff, 0xff, 0x40, 0x3d, 0xdd,
    0xdd, 0xde, 0xff, 0xf4, 0x0, 0x0, 0x0, 0x0,
    0x4f, 0xff, 0x40, 0x0, 0x0, 0x0, 0x4, 0xff,
    0xf4, 0x0, 0x0, 0x0, 0x0, 0x4f, 0xff, 0x40,
    0x0, 0x0, 0x0, 0x4, 0xff, 0xf4, 0x0, 0x0,
    0x0, 0x0, 0x4f, 0xff, 0x40,

    /* U+0428 "Ш" */
    0xff, 0xf8, 0xc, 0xf0, 0x4f, 0xff, 0x4f, 0xff,
    0x80, 0xcf, 0x4, 0xff, 0xf4, 0xff, 0xf8, 0xc,
    0xf0, 0x4f, 0xff, 0x4f, 0xff, 0x80, 0xcf, 0x4,
    0xff, 0xf4, 0xff, 0xf8, 0xc, 0xf0, 0x4f, 0xff,
    0x4f, 0xff, 0x80, 0xcf, 0x4, 0xff, 0xf4, 0xff,
    0xf8, 0xc, 0xf0, 0x4f, 0xff, 0x4f, 0xff, 0x80,
    0xcf, 0x4, 0xff, 0xf4, 0xff, 0xf8, 0xc, 0xf0,
    0x4f, 0xff, 0x4f, 0xff, 0x80, 0xcf, 0x4, 0xff,
    0xf4, 0xff, 0xf8, 0xc, 0xf0, 0x4f, 0xff, 0x4f,
    0xff, 0xed, 0xff, 0xde, 0xff, 0xf4, 0xff, 0xff,
    0xff, 0xff, 0xff, 0xff, 0x40,

    /* U+0429 "Щ" */
    0xff, 0xf8, 0xc, 0xf0, 0x4f, 0xff, 0x40, 0xff,
    0xf8, 0xc, 0xf0, 0x4f, 0xff, 0x40, 0xff, 0xf8,
    0xc, 0xf0, 0x4f, 0xff, 0x40, 0xff, 0xf8, 0xc,
    0xf0, 0x4f, 0xff, 0x40, 0xff, 0xf8, 0xc, 0xf0,
    0x4f, 0xff, 0x40, 0xff, 0xf8, 0xc, 0xf0, 0x4f,
    0xff, 0x40, 0xff, 0xf8, 0xc, 0xf0, 0x4f, 0xff,
    0x40, 0xff, 0xf8, 0xc, 0xf0, 0x4f, 0xff, 0x40,
    0xff, 0xf8, 0xc, 0xf0, 0x4f, 0xff, 0x40, 0xff,
    0xf8, 0xc, 0xf0, 0x4f, 0xff, 0x40, 0xff, 0xf8,
    0xc, 0xf0, 0x4f, 0xff, 0x40, 0xff, 0xfe, 0xdf,
    0xfd, 0xef, 0xff, 0xed, 0xff, 0xff, 0xff, 0xff,
    0xff, 0xff, 0xff, 0x0, 0x0, 0x0, 0x0, 0x0,
    0x8f, 0xff, 0x0, 0x0, 0x0, 0x0, 0x0, 0x8f,
    0xff,

    /* U+042A "Ъ" */
    0xff, 0xff, 0xf4, 0x0, 0x0, 0x0, 0xd, 0xef,
    0xff, 0x40, 0x0, 0x0, 0x0, 0x4, 0xff, 0xf4,
    0x0, 0x0, 0x0, 0x0, 0x4f, 0xff, 0x40, 0x0,
    0x0, 0x0, 0x4, 0xff, 0xff, 0xff, 0xff, 0x80,
    0x0, 0x4f, 0xff, 0xdd, 0xdd, 0xfc, 0x82, 0x4,
    0xff, 0xf4, 0x0, 0x4f, 0xff, 0x40, 0x4f, 0xff,
    0x40, 0x4, 0xff, 0xf4, 0x4, 0xff, 0xf4, 0x0,
    0x4f, 0xff, 0x40, 0x4f, 0xff, 0x40, 0x4, 0xff,
    0xf4, 0x4, 0xff, 0xf4, 0x0, 0x4f, 0xff, 0x40,
    0x4f, 0xff, 0xed, 0xde, 0xf8, 0x0, 0x4, 0xff,
    0xff, 0xff, 0xff, 0x80, 0x0,

    /* U+042B "Ы" */
    0xff, 0xf8, 0x0, 0x0, 0x4f, 0xff, 0x4f, 0xff,
    0x80, 0x0, 0x4, 0xff, 0xf4, 0xff, 0xf8, 0x0,
    0x0, 0x4f, 0xff, 0x4f, 0xff, 0x80, 0x0, 0x4,
    0xff, 0xf4, 0xff, 0xff, 0xff, 0xf0, 0x4f, 0xff,
    0x4f, 0xff, 0xed, 0xff, 0x4, 0xff, 0xf4, 0xff,
    0xf8, 0xc, 0xf0, 0x4f, 0xff, 0x4f, 0xff, 0x80,
    0xcf, 0x4, 0xff, 0xf4, 0xff, 0xf8, 0xc, 0xf0,
    0x4f, 0xff, 0x4f, 0xff, 0x80, 0xcf, 0x4, 0xff,
    0xf4, 0xff, 0xf8, 0xc, 0xf0, 0x4f, 0xff, 0x4f,
    0xff, 0xed, 0xff, 0x4, 0xff, 0xf4, 0xff, 0xff,
    0xff, 0xf0, 0x4f, 0xff, 0x40,

    /* U+042C "Ь" */
    0xff, 0xf8, 0x0, 0x0, 0x0, 0x0, 0xf, 0xff,
    0x80, 0x0, 0x0, 0x0, 0x0, 0xff, 0xf8, 0x0,
    0x0, 0x0, 0x0, 0xf, 0xff, 0x80, 0x0, 0x0,
    0x0, 0x0, 0xff, 0xff, 0xff, 0xff, 0xff, 0x80,
    0xf, 0xff, 0xed, 0xdd, 0xdd, 0xfc, 0x82, 0xff,
    0xf8, 0x0, 0x0, 0x4f, 0xff, 0x4f, 0xff, 0x80,
    0x0, 0x4, 0xff, 0xf4, 0xff, 0xf8, 0x0, 0x0,
    0x4f, 0xff, 0x4f, 0xff, 0x80, 0x0, 0x4, 0xff,
    0xf4, 0xff, 0xf8, 0x0, 0x0, 0x4f, 0xff, 0x4f,
    0xff, 0xed, 0xdd, 0xde, 0xf8, 0x0, 0xff, 0xff,
    0xff, 0xff, 0xff, 0x80, 0x0,

    /* U+042D "Э" */
    0x4, 0xff, 0xff, 0xff, 0xc0, 0x0, 0x0, 0x4f,
    0xed, 0xdd, 0xfc, 0x0, 0x0, 0xff, 0xf8, 0x0,
    0xf, 0xff, 0x80, 0xd, 0xdd, 0x60, 0x0, 0xdd,
    0xf8, 0x0, 0x0, 0x0, 0x0, 0x0, 0x4f, 0xff,
    0x40, 0x0, 0x0, 0x0, 0x4, 0xff, 0xf4, 0x4,
    0xff, 0xff, 0xff, 0xff, 0xff, 0x40, 0x3d, 0xdd,
    0xdd, 0xde, 0xff, 0xf4, 0x0, 0x0, 0x0, 0x0,
    0x4f, 0xff, 0x4d, 0xdd, 0x60, 0x0, 0xdd, 0xfc,
    0x82, 0xff, 0xf8, 0x0, 0xf, 0xff, 0x80, 0x0,
    0x4f, 0xed, 0xdd, 0xfc, 0x0, 0x0, 0x4, 0xff,
    0xff, 0xff, 0xc0, 0x0, 0x0,

    /* U+042E "Ю" */
    0xfc, 0x0, 0xc, 0xff, 0xff, 0x80, 0xf, 0xc0,
    0x0, 0xcf, 0xde, 0xf8, 0x0, 0xfc, 0x8, 0xff,
    0xf0, 0x4f, 0xff, 0x4f, 0xc0, 0x8f, 0xff, 0x4,
    0xff, 0xf4, 0xfc, 0x8, 0xff, 0xf0, 0x4f, 0xff,
    0x4f, 0xc0, 0x8f, 0xff, 0x4, 0xff, 0xf4, 0xff,
    0xff, 0xff, 0xf0, 0x4f, 0xff, 0x4f, 0xfd, 0xef,
    0xff, 0x4, 0xff, 0xf4, 0xfc, 0x8, 0xff, 0xf0,
    0x4f, 0xff, 0x4f, 0xc0, 0x8f, 0xff, 0x4, 0xff,
    0xf4, 0xfc, 0x8, 0xff, 0xf0, 0x4f, 0xff, 0x4f,
    0xc0, 0x12, 0xcf, 0xde, 0xf9, 0x20, 0xfc, 0x0,
    0xc, 0xff, 0xff, 0x80, 0x0,

    /* U+042F "Я" */
    0x4, 0xff, 0xff, 0xff, 0xff, 0xff, 0x40, 0x4f,
    0xed, 0xdd, 0xde, 0xff, 0xf4, 0xff, 0xf8, 0x0,
    0x0, 0x4f, 0xff, 0x4f, 0xff, 0x80, 0x0, 0x4,
    0xff, 0xf4, 0xff, 0xf8, 0x0, 0x0, 0x4f, 0xff,
    0x4f, 0xff, 0xc9, 0x20, 0x4, 0xff, 0xf4, 0xff,
    0xff, 0xf4, 0x0, 0x4f, 0xff, 0x42, 0x22, 0x9f,
    0xdd, 0xdd, 0xff, 0xf4, 0x0, 0x8, 0xff, 0xff,
    0xff, 0xff, 0x40, 0x4f, 0xff, 0x40, 0x4, 0xff,
    0xf4, 0x4, 0xff, 0xf4, 0x0, 0x4f, 0xff, 0x4d,
    0xef, 0xff, 0x40, 0x4, 0xff, 0xf4, 0xff, 0xff,
    0xf4, 0x0, 0x4f, 0xff, 0x40,

    /* U+0430 "а" */
    0x4, 0xff, 0xff, 0xff, 0xff, 0x80, 0x0, 0x3d,
    0xdd, 0xdd, 0xdd, 0xf9, 0x20, 0x0, 0x0, 0x0,
    0x0, 0x4f, 0xff, 0x40, 0x3d, 0xdd, 0xdd, 0xdd,
    0xff, 0xf4, 0x4, 0xff, 0xff, 0xff, 0xff, 0xff,
    0x4d, 0xdf, 0x80, 0x0, 0x4, 0xff, 0xf4, 0xff,
    0xf8, 0x0, 0x0, 0x4f, 0xff, 0x40, 0x4f, 0xed,
    0xdd, 0xde, 0xff, 0xf4, 0x4, 0xff, 0xff, 0xff,
    0xff, 0xff, 0x40,

    /* U+0431 "б" */
    0x4, 0xff, 0xff, 0xff, 0xff, 0xff, 0x42, 0x5f,
    0xed, 0xdd, 0xdd, 0xdd, 0xd3, 0xff, 0xf8, 0x0,
    0x0, 0x0, 0x0, 0xf, 0xff, 0x80, 0x0, 0x0,
    0x0, 0x0, 0xff, 0xf8, 0xc, 0xff, 0xff, 0x80,
    0xf, 0xff, 0xc8, 0xbd, 0xdd, 0xfc, 0x82, 0xff,
    0xff, 0xf4, 0x0, 0x4f, 0xff, 0x4f, 0xff, 0xa5,
    0x10, 0x4, 0xff, 0xf4, 0xff, 0xf8, 0x0, 0x0,
    0x4f, 0xff, 0x4f, 0xff, 0x80, 0x0, 0x4, 0xff,
    0xf4, 0xff, 0xf8, 0x0, 0x0, 0x4f, 0xff, 0x40,
    0x4f, 0xed, 0xdd, 0xde, 0xf8, 0x0, 0x4, 0xff,
    0xff, 0xff, 0xff, 0x80, 0x0,

    /* U+0432 "в" */
    0xff, 0xff, 0xff, 0xff, 0xff, 0x80, 0xf, 0xff,
    0xed, 0xdd, 0xdd, 0xf8, 0x0, 0xff, 0xf8, 0x0,
    0x0, 0x4f, 0xff, 0x4f, 0xff, 0xed, 0xdd, 0xdd,
    0xf9, 0x20, 0xff, 0xff, 0xff, 0xff, 0xff, 0x80,
    0xf, 0xff, 0x80, 0x0, 0x4, 0xfe, 0xd3, 0xff,
    0xf8, 0x0, 0x0, 0x4f, 0xff, 0x4f, 0xff, 0xed,
    0xdd, 0xde, 0xf8, 0x0, 0xff, 0xff, 0xff, 0xff,
    0xff, 0x80, 0x0,

    /* U+0433 "г" */
    0x4f, 0xff, 0xff, 0xff, 0xff, 0xf4, 0x4f, 0xff,
    0xdd, 0xdd, 0xde, 0xf4, 0x4f, 0xff, 0x40, 0x0,
    0x8, 0xf4, 0x4f, 0xff, 0x40, 0x0, 0x5, 0xa2,
    0x4f, 0xff, 0x40, 0x0, 0x0, 0x0, 0x4f, 0xff,
    0x40, 0x0, 0x0, 0x0, 0x4f, 0xff, 0x40, 0x0,
    0x0, 0x0, 0x4f, 0xff, 0x40, 0x0, 0x0, 0x0,
    0x4f, 0xff, 0x40, 0x0, 0x0, 0x0,

    /* U+0434 "д" */
    0x0, 0x8, 0xff, 0xff, 0xff, 0xff, 0x40, 0x0,
    0x8, 0xfd, 0xdd, 0xdf, 0xff, 0x40, 0x0, 0x8,
    0xf4, 0x0, 0x4f, 0xff, 0x40, 0x0, 0x8, 0xf4,
    0x0, 0x4f, 0xff, 0x40, 0x0, 0x8, 0xf4, 0x0,
    0x4f, 0xff, 0x40, 0x2, 0x9c, 0xf4, 0x0, 0x4f,
    0xff, 0x40, 0x4, 0xff, 0xf4, 0x0, 0x4f, 0xff,
    0x40, 0xde, 0xff, 0xfe, 0xdd, 0xef, 0xff, 0xed,
    0xff, 0xff, 0xff, 0xff, 0xff, 0xff, 0xff, 0xff,
    0xf8, 0x0, 0x0, 0x0, 0x8f, 0xff, 0xff, 0xf8,
    0x0, 0x0, 0x0, 0x8f, 0xff,

    /* U+0435 "е" */
    0x4, 0xff, 0xff, 0xff, 0xff, 0x80, 0x8, 0xaf,
    0xed, 0xdd, 0xdd, 0xfc, 0x82, 0xff, 0xf8, 0x0,
    0x0, 0x4f, 0xff, 0x4f, 0xff, 0xed, 0xdd, 0xdd,
    0xff, 0xf4, 0xff, 0xff, 0xff, 0xff, 0xff, 0xff,
    0x4f, 0xff, 0x80, 0x0, 0x0, 0x0, 0x0, 0xff,
    0xf8, 0x0, 0x0, 0x0, 0x0, 0x0, 0x4f, 0xed,
    0xdd, 0xdd, 0xd6, 0x0, 0x4, 0xff, 0xff, 0xff,
    0xff, 0x80, 0x0,

    /* U+0436 "ж" */
    0xff, 0xf8, 0xc, 0xf0, 0x4f, 0xff, 0x4f, 0xff,
    0x80, 0xcf, 0x4, 0xff, 0xf4, 0xff, 0xf8, 0xc,
    0xf0, 0x4f, 0xff, 0x4a, 0xcf, 0xed, 0xff, 0xdd,
    0xfd, 0xa2, 0x4, 0xff, 0xff, 0xff, 0xff, 0x80,
    0xa, 0xcf, 0x80, 0xcf, 0x4, 0xfd, 0xa2, 0xff,
    0xf8, 0xc, 0xf0, 0x4f, 0xff, 0x4f, 0xff, 0x80,
    0xcf, 0x4, 0xff, 0xf4, 0xff, 0xf8, 0xc, 0xf0,
    0x4f, 0xff, 0x40,

    /* U+0437 "з" */
    0x4, 0xff, 0xff, 0xff, 0xff, 0x80, 0x0, 0x4f,
    0xed, 0xdd, 0xdd, 0xf8, 0x0, 0xff, 0xf8, 0x0,
    0x0, 0x4f, 0xff, 0x42, 0x22, 0x10, 0x9d, 0xdd,
    0xf9, 0x20, 0x0, 0x0, 0xc, 0xff, 0xff, 0x80,
    0xd, 0xdd, 0x60, 0x0, 0x4, 0xfe, 0xd3, 0xff,
    0xf8, 0x0, 0x0, 0x4f, 0xff, 0x40, 0x4f, 0xed,
    0xdd, 0xde, 0xf8, 0x0, 0x4, 0xff, 0xff, 0xff,
    0xff, 0x80, 0x0,

    /* U+0438 "и" */
    0xff, 0xf8, 0x0, 0x0, 0x4f, 0xff, 0x4f, 0xff,
    0x80, 0x0, 0x4, 0xff, 0xf4, 0xff, 0xf8, 0x0,
    0xf, 0xff, 0xff, 0x4f, 0xff, 0x80, 0x9d, 0x26,
    0xff, 0xf4, 0xff, 0xf8, 0xc, 0xf0, 0x4f, 0xff,
    0x4f, 0xff, 0xed, 0x30, 0x4, 0xff, 0xf4, 0xff,
    0xff, 0xf4, 0x0, 0x4f, 0xff, 0x4f, 0xff, 0x80,
    0x0, 0x4, 0xff, 0xf4, 0xff, 0xf8, 0x0, 0x0,
    0x4f, 0xff, 0x40,

    /* U+0439 "й" */
    0x4, 0xff, 0xff, 0xff, 0xff, 0x80, 0x0, 0x3d,
    0xdd, 0xdd, 0xdd, 0xd6, 0x0, 0x0, 0x0, 0x0,
    0x0, 0x0, 0x0, 0x0, 0x0, 0x0, 0x0, 0x0,
    0x0, 0x0, 0xff, 0xf8, 0x0, 0x0, 0x4f, 0xff,
    0x4f, 0xff, 0x80, 0x0, 0x4, 0xff, 0xf4, 0xff,
    0xf8, 0x0, 0xf, 0xff, 0xff, 0x4f, 0xff, 0x80,
    0x9d, 0x26, 0xff, 0xf4, 0xff, 0xf8, 0xc, 0xf0,
    0x4f, 0xff, 0x4f, 0xff, 0xed, 0x30, 0x4, 0xff,
    0xf4, 0xff, 0xff, 0xf4, 0x0, 0x4f, 0xff, 0x4f,
    0xff, 0x80, 0x0, 0x4, 0xff, 0xf4, 0xff, 0xf8,
    0x0, 0x0, 0x4f, 0xff, 0x40,

    /* U+043A "к" */
    0xff, 0xf8, 0x0, 0x0, 0x4f, 0xff, 0x4f, 0xff,
    0x80, 0x0, 0x25, 0xdd, 0xd3, 0xff, 0xf8, 0x0,
    0xf, 0xc0, 0x0, 0xf, 0xff, 0xed, 0xdd, 0xff,
    0xd6, 0x0, 0xff, 0xff, 0xff, 0xff, 0xff, 0x80,
    0xf, 0xff, 0x80, 0x0, 0x4, 0xfd, 0xa2, 0xff,
    0xf8, 0x0, 0x0, 0x4f, 0xff, 0x4f, 0xff, 0x80,
    0x0, 0x4, 0xff, 0xf4, 0xff, 0xf8, 0x0, 0x0,
    0x4f, 0xff, 0x40,

    /* U+043B "л" */
    0x0, 0x8, 0xff, 0xff, 0xff, 0xff, 0x40, 0x0,
    0x8f, 0xdd, 0xdd, 0xff, 0xf4, 0x0, 0x8, 0xf4,
    0x0, 0x4f, 0xff, 0x40, 0x16, 0xbf, 0x40, 0x4,
    0xff, 0xf4, 0x4, 0xff, 0xf4, 0x0, 0x4f, 0xff,
    0x4a, 0xcf, 0xff, 0x40, 0x4, 0xff, 0xf4, 0xff,
    0xff, 0xf4, 0x0, 0x4f, 0xff, 0x4f, 0xff, 0x92,
    0x0, 0x4, 0xff, 0xf4, 0xff, 0xf8, 0x0, 0x0,
    0x4f, 0xff, 0x40,

    /* U+043C "м" */
    0xff, 0xf8, 0x0, 0x0, 0x4f, 0xff, 0x4f, 0xff,
    0x80, 0x0, 0x4, 0xff, 0xf4, 0xff, 0xff, 0xf4,
    0xf, 0xff, 0xff, 0x4f, 0xff, 0xa5, 0x9a, 0x58,
    0xff, 0xf4, 0xff, 0xf8, 0xc, 0xf0, 0x4f, 0xff,
    0x4f, 0xff, 0x80, 0xcf, 0x4, 0xff, 0xf4, 0xff,
    0xf8, 0xc, 0xf0, 0x4f, 0xff, 0x4f, 0xff, 0x80,
    0x0, 0x4, 0xff, 0xf4, 0xff, 0xf8, 0x0, 0x0,
    0x4f, 0xff, 0x40,

    /* U+043D "н" */
    0xff, 0xf8, 0x0, 0x0, 0x4f, 0xff, 0x4f, 0xff,
    0x80, 0x0, 0x4, 0xff, 0xf4, 0xff, 0xf8, 0x0,
    0x0, 0x4f, 0xff, 0x4f, 0xff, 0xed, 0xdd, 0xdd,
    0xff, 0xf4, 0xff, 0xff, 0xff, 0xff, 0xff, 0xff,
    0x4f, 0xff, 0x80, 0x0, 0x4, 0xff, 0xf4, 0xff,
    0xf8, 0x0, 0x0, 0x4f, 0xff, 0x4f, 0xff, 0x80,
    0x0, 0x4, 0xff, 0xf4, 0xff, 0xf8, 0x0, 0x0,
    0x4f, 0xff, 0x40,

    /* U+043E "о" */
    0x4, 0xff, 0xff, 0xff, 0xff, 0x80, 0x8, 0xaf,
    0xed, 0xdd, 0xdd, 0xfc, 0x82, 0xff, 0xf8, 0x0,
    0x0, 0x4f, 0xff, 0x4f, 0xff, 0x80, 0x0, 0x4,
    0xff, 0xf4, 0xff, 0xf8, 0x0, 0x0, 0x4f, 0xff,
    0x4f, 0xff, 0x80, 0x0, 0x4, 0xff, 0xf4, 0xff,
    0xf8, 0x0, 0x0, 0x4f, 0xff, 0x40, 0x4f, 0xed,
    0xdd, 0xde, 0xf8, 0x0, 0x4, 0xff, 0xff, 0xff,
    0xff, 0x80, 0x0,

    /* U+043F "п" */
    0xff, 0xff, 0xff, 0xff, 0xff, 0xff, 0x4f, 0xff,
    0xed, 0xdd, 0xdd, 0xff, 0xf4, 0xff, 0xf8, 0x0,
    0x0, 0x4f, 0xff, 0x4f, 0xff, 0x80, 0x0, 0x4,
    0xff, 0xf4, 0xff, 0xf8, 0x0, 0x0, 0x4f, 0xff,
    0x4f, 0xff, 0x80, 0x0, 0x4, 0xff, 0xf4, 0xff,
    0xf8, 0x0, 0x0, 0x4f, 0xff, 0x4f, 0xff, 0x80,
    0x0, 0x4, 0xff, 0xf4, 0xff, 0xf8, 0x0, 0x0,
    0x4f, 0xff, 0x40,

    /* U+0440 "р" */
    0xff, 0xf8, 0xc, 0xff, 0xff, 0x80, 0xf, 0xff,
    0x80, 0x9d, 0xdd, 0xf8, 0x0, 0xff, 0xff, 0xf4,
    0x0, 0x4f, 0xff, 0x4f, 0xff, 0xed, 0x30, 0x4,
    0xff, 0xf4, 0xff, 0xf8, 0x0, 0x0, 0x4f, 0xff,
    0x4f, 0xff, 0x80, 0x0, 0x4, 0xff, 0xf4, 0xff,
    0xf8, 0x0, 0x0, 0x4f, 0xff, 0x4f, 0xff, 0xed,
    0xdd, 0xde, 0xf9, 0x20, 0xff, 0xff, 0xff, 0xff,
    0xff, 0x80, 0xf, 0xff, 0x80, 0x0, 0x0, 0x0,
    0x0, 0xff, 0xf8, 0x0, 0x0, 0x0, 0x0, 0x0,

    /* U+0441 "с" */
    0x4, 0xff, 0xff, 0xff, 0xff, 0x80, 0x0, 0x4f,
    0xed, 0xdd, 0xdd, 0xf8, 0x0, 0xff, 0xf8, 0x0,
    0x0, 0x4f, 0xff, 0x4f, 0xff, 0x80, 0x0, 0x3,
    0xdd, 0xd3, 0xff, 0xf8, 0x0, 0x0, 0x0, 0x0,
    0xf, 0xff, 0x80, 0x0, 0x3, 0xdd, 0xd3, 0xff,
    0xf8, 0x0, 0x0, 0x4f, 0xff, 0x40, 0x4f, 0xed,
    0xdd, 0xde, 0xf8, 0x0, 0x4, 0xff, 0xff, 0xff,
    0xff, 0x80, 0x0,

    /* U+0442 "т" */
    0x4f, 0xff, 0xff, 0xff, 0xff, 0xf4, 0x3d, 0xdd,
    0xff, 0xff, 0xdd, 0xd3, 0x0, 0x0, 0xcf, 0xfc,
    0x0, 0x0, 0x0, 0x0, 0xcf, 0xfc, 0x0, 0x0,
    0x0, 0x0, 0xcf, 0xfc, 0x0, 0x0, 0x0, 0x0,
    0xcf, 0xfc, 0x0, 0x0, 0x0, 0x0, 0xcf, 0xfc,
    0x0, 0x0, 0x0, 0x0, 0xcf, 0xfc, 0x0, 0x0,
    0x0, 0x0, 0xcf, 0xfc, 0x0, 0x0,

    /* U+0443 "у" */
    0xff, 0xf8, 0x0, 0x0, 0x4f, 0xff, 0x4f, 0xff,
    0x80, 0x0, 0x4, 0xff, 0xf4, 0xff, 0xf8, 0x0,
    0x0, 0x4f, 0xff, 0x4f, 0xff, 0x80, 0x0, 0x4,
    0xff, 0xf4, 0xff, 0xf8, 0x0, 0x0, 0x4f, 0xff,
    0x48, 0xaf, 0xed, 0xdd, 0xdd, 0xff, 0xf4, 0x4,
    0xff, 0xff, 0xff, 0xff, 0xff, 0x40, 0x0, 0x0,
    0x0, 0x4, 0xff, 0xf4, 0x0, 0x0, 0x0, 0x0,
    0x4f, 0xff, 0x40, 0x3d, 0xdd, 0xdd, 0xdd, 0xf8,
    0x0, 0x4, 0xff, 0xff, 0xff, 0xff, 0x80, 0x0,

    /* U+0444 "ф" */
    0x0, 0x0, 0x9, 0xd0, 0x0, 0x0, 0x0, 0x0,
    0x0, 0xcf, 0x0, 0x0, 0x0, 0x4, 0xff, 0xff,
    0xff, 0xff, 0x80, 0x0, 0x4f, 0xed, 0xff, 0xdd,
    0xf8, 0x0, 0xff, 0xf8, 0xc, 0xf0, 0x4f, 0xff,
    0x4f, 0xff, 0x80, 0xcf, 0x4, 0xff, 0xf4, 0xff,
    0xf8, 0xc, 0xf0, 0x4f, 0xff, 0x4f, 0xff, 0x80,
    0xcf, 0x4, 0xff, 0xf4, 0xff, 0xf8, 0xc, 0xf0,
    0x4f, 0xff, 0x42, 0x5f, 0xed, 0xff, 0xde, 0xf9,
    0x20, 0x4, 0xff, 0xff, 0xff, 0xff, 0x80, 0x0,
    0x0, 0x0, 0xcf, 0x0, 0x0, 0x0, 0x0, 0x0,
    0xc, 0xf0, 0x0, 0x0, 0x0,

    /* U+0445 "х" */
    0xff, 0xf8, 0x0, 0x0, 0x4f, 0xff, 0x4d, 0xdf,
    0xc8, 0x20, 0x8a, 0xfe, 0xd3, 0x4, 0xff, 0xf4,
    0xf, 0xff, 0x80, 0x0, 0x2, 0x9f, 0xdd, 0xfc,
    0x21, 0x0, 0x0, 0x8, 0xff, 0xff, 0xc0, 0x0,
    0x0, 0x4f, 0xff, 0x40, 0xff, 0xf8, 0x0, 0x4,
    0xff, 0xf4, 0xf, 0xff, 0x80, 0xd, 0xef, 0x80,
    0x0, 0x4, 0xfe, 0xd3, 0xff, 0xf8, 0x0, 0x0,
    0x4f, 0xff, 0x40,

    /* U+0446 "ц" */
    0xff, 0xf8, 0x0, 0xf, 0xff, 0x80, 0xf, 0xff,
    0x80, 0x0, 0xff, 0xf8, 0x0, 0xff, 0xf8, 0x0,
    0xf, 0xff, 0x80, 0xf, 0xff, 0x80, 0x0, 0xff,
    0xf8, 0x0, 0xff, 0xf8, 0x0, 0xf, 0xff, 0x80,
    0xf, 0xff, 0x80, 0x0, 0xff, 0xf8, 0x0, 0xff,
    0xf8, 0x0, 0xf, 0xff, 0x80, 0xf, 0xff, 0xed,
    0xdd, 0xff, 0xfe, 0xd3, 0xff, 0xff, 0xff, 0xff,
    0xff, 0xff, 0x40, 0x0, 0x0, 0x0, 0x4, 0xff,
    0xf4, 0x0, 0x0, 0x0, 0x0, 0x4f, 0xff, 0x40,

    /* U+0447 "ч" */
    0xff, 0xf8, 0x0, 0x0, 0x4f, 0xff, 0x4f, 0xff,
    0x80, 0x0, 0x4, 0xff, 0xf4, 0xff, 0xf8, 0x0,
    0x0, 0x4f, 0xff, 0x4a, 0xcf, 0xed, 0xdd, 0xdd,
    0xff, 0xf4, 0x4, 0xff, 0xff, 0xff, 0xff, 0xff,
    0x40, 0x0, 0x0, 0x0, 0x4, 0xff, 0xf4, 0x0,
    0x0, 0x0, 0x0, 0x4f, 0xff, 0x40, 0x0, 0x0,
    0x0, 0x4, 0xff, 0xf4, 0x0, 0x0, 0x0, 0x0,
    0x4f, 0xff, 0x40,

    /* U+0448 "ш" */
    0xff, 0xf8, 0xc, 0xf0, 0x4f, 0xff, 0x4f, 0xff,
    0x80, 0xcf, 0x4, 0xff, 0xf4, 0xff, 0xf8, 0xc,
    0xf0, 0x4f, 0xff, 0x4f, 0xff, 0x80, 0xcf, 0x4,
    0xff, 0xf4, 0xff, 0xf8, 0xc, 0xf0, 0x4f, 0xff,
    0x4f, 0xff, 0x80, 0xcf, 0x4, 0xff, 0xf4, 0xff,
    0xf8, 0xc, 0xf0, 0x4f, 0xff, 0x4f, 0xff, 0xed,
    0xff, 0xde, 0xff, 0xf4, 0xff, 0xff, 0xff, 0xff,
    0xff, 0xff, 0x40,

    /* U+0449 "щ" */
    0xff, 0xf8, 0xc, 0xf0, 0x4f, 0xff, 0x40, 0xff,
    0xf8, 0xc, 0xf0, 0x4f, 0xff, 0x40, 0xff, 0xf8,
    0xc, 0xf0, 0x4f, 0xff, 0x40, 0xff, 0xf8, 0xc,
    0xf0, 0x4f, 0xff, 0x40, 0xff, 0xf8, 0xc, 0xf0,
    0x4f, 0xff, 0x40, 0xff, 0xf8, 0xc, 0xf0, 0x4f,
    0xff, 0x40, 0xff, 0xf8, 0xc, 0xf0, 0x4f, 0xff,
    0x40, 0xff, 0xfe, 0xdf, 0xfd, 0xef, 0xff, 0xed,
    0xff, 0xff, 0xff, 0xff, 0xff, 0xff, 0xff, 0x0,
    0x0, 0x0, 0x0, 0x0, 0x8f, 0xff, 0x0, 0x0,
    0x0, 0x0, 0x0, 0x8f, 0xff,

    /* U+044A "ъ" */
    0xff, 0xff, 0xf4, 0x0, 0x0, 0x0, 0xd, 0xdf,
    0xff, 0x40, 0x0, 0x0, 0x0, 0x4, 0xff, 0xf4,
    0x0, 0x0, 0x0, 0x0, 0x4f, 0xff, 0xdd, 0xdd,
    0xd6, 0x0, 0x4, 0xff, 0xff, 0xff, 0xff, 0x80,
    0x0, 0x4f, 0xff, 0x40, 0x4, 0xfe, 0xd3, 0x4,
    0xff, 0xf4, 0x0, 0x4f, 0xff, 0x40, 0x4f, 0xff,
    0xed, 0xde, 0xf8, 0x0, 0x4, 0xff, 0xff, 0xff,
    0xff, 0x80, 0x0,

    /* U+044B "ы" */
    0xff, 0xf8, 0x0, 0x0, 0x4f, 0xff, 0x4f, 0xff,
    0x80, 0x0, 0x4, 0xff, 0xf4, 0xff, 0xf8, 0x0,
    0x0, 0x4f, 0xff, 0x4f, 0xff, 0xed, 0xdd, 0x4,
    0xff, 0xf4, 0xff, 0xff, 0xff, 0xf0, 0x4f, 0xff,
    0x4f, 0xff, 0x80, 0xcf, 0x4, 0xff, 0xf4, 0xff,
    0xf8, 0xc, 0xf0, 0x4f, 0xff, 0x4f, 0xff, 0xed,
    0xff, 0x4, 0xff, 0xf4, 0xff, 0xff, 0xff, 0xf0,
    0x4f, 0xff, 0x40,

    /* U+044C "ь" */
    0xff, 0xf8, 0x0, 0x0, 0x0, 0x0, 0xf, 0xff,
    0x80, 0x0, 0x0, 0x0, 0x0, 0xff, 0xf8, 0x0,
    0x0, 0x0, 0x0, 0xf, 0xff, 0xed, 0xdd, 0xdd,
    0xd6, 0x0, 0xff, 0xff, 0xff, 0xff, 0xff, 0x80,
    0xf, 0xff, 0x80, 0x0, 0x4, 0xfe, 0xd3, 0xff,
    0xf8, 0x0, 0x0, 0x4f, 0xff, 0x4f, 0xff, 0xed,
    0xdd, 0xde, 0xf8, 0x0, 0xff, 0xff, 0xff, 0xff,
    0xff, 0x80, 0x0,

    /* U+044D "э" */
    0x4, 0xff, 0xff, 0xff, 0xff, 0x80, 0x0, 0x4f,
    0xed, 0xdd, 0xdd, 0xf8, 0x0, 0xff, 0xf8, 0x0,
    0x0, 0x4f, 0xff, 0x42, 0x22, 0x10, 0x9d, 0xdd,
    0xff, 0xf4, 0x0, 0x0, 0xc, 0xff, 0xff, 0xff,
    0x4d, 0xdd, 0x60, 0x0, 0x4, 0xff, 0xf4, 0xff,
    0xf8, 0x0, 0x0, 0x4f, 0xff, 0x40, 0x4f, 0xed,
    0xdd, 0xde, 0xf8, 0x0, 0x4, 0xff, 0xff, 0xff,
    0xff, 0x80, 0x0,

    /* U+044E "ю" */
    0xfc, 0x0, 0xc, 0xff, 0xff, 0x80, 0xf, 0xc0,
    0x48, 0xef, 0xdd, 0xfc, 0x82, 0xfc, 0x8, 0xff,
    0xf0, 0x4f, 0xff, 0x4f, 0xfd, 0xef, 0xff, 0x4,
    0xff, 0xf4, 0xff, 0xff, 0xff, 0xf0, 0x4f, 0xff,
    0x4f, 0xc0, 0x8f, 0xff, 0x4, 0xff, 0xf4, 0xfc,
    0x8, 0xff, 0xf0, 0x4f, 0xff, 0x4f, 0xc0, 0x0,
    0xcf, 0xde, 0xf8, 0x0, 0xfc, 0x0, 0xc, 0xff,
    0xff, 0x80, 0x0,

    /* U+044F "я" */
    0x4, 0xff, 0xff, 0xff, 0xff, 0xff, 0x40, 0x4f,
    0xed, 0xdd, 0xdd, 0xff, 0xf4, 0xff, 0xf8, 0x0,
    0x0, 0x4f, 0xff, 0x42, 0x6f, 0xed, 0xdd, 0xdd,
    0xff, 0xf4, 0x4, 0xff, 0xff, 0xff, 0xff, 0xff,
    0x4a, 0xcf, 0x80, 0x0, 0x4, 0xff, 0xf4, 0xff,
    0xf8, 0x0, 0x0, 0x4f, 0xff, 0x4f, 0xff, 0x80,
    0x0, 0x4, 0xff, 0xf4, 0xff, 0xf8, 0x0, 0x0,
    0x4f, 0xff, 0x40,

    /* U+0450 "ѐ" */
    0x0, 0x8, 0xf4, 0x0, 0x0, 0x0, 0x0, 0x0,
    0x6d, 0x52, 0x0, 0x0, 0x0, 0x0, 0x0, 0xc,
    0xf0, 0x0, 0x0, 0x0, 0x0, 0x0, 0xcf, 0x0,
    0x0, 0x0, 0x4, 0xff, 0xff, 0xff, 0xff, 0x80,
    0x8, 0xaf, 0xed, 0xdd, 0xdd, 0xfc, 0x82, 0xff,
    0xf8, 0x0, 0x0, 0x4f, 0xff, 0x4f, 0xff, 0xed,
    0xdd, 0xdd, 0xff, 0xf4, 0xff, 0xff, 0xff, 0xff,
    0xff, 0xff, 0x4f, 0xff, 0x80, 0x0, 0x0, 0x0,
    0x0, 0xff, 0xf8, 0x0, 0x0, 0x0, 0x0, 0x0,
    0x4f, 0xed, 0xdd, 0xdd, 0xd6, 0x0, 0x4, 0xff,
    0xff, 0xff, 0xff, 0x80, 0x0,

    /* U+0451 "ё" */
    0x4, 0xff, 0xf4, 0xf, 0xff, 0x80, 0x0, 0x3d,
    0xdd, 0x30, 0xdd, 0xd6, 0x0, 0x0, 0x0, 0x0,
    0x0, 0x0, 0x0, 0x0, 0x0, 0x0, 0x0, 0x0,
    0x0, 0x0, 0x4, 0xff, 0xff, 0xff, 0xff, 0x80,
    0x8, 0xaf, 0xed, 0xdd, 0xdd, 0xfc, 0x82, 0xff,
    0xf8, 0x0, 0x0, 0x4f, 0xff, 0x4f, 0xff, 0xed,
    0xdd, 0xdd, 0xff, 0xf4, 0xff, 0xff, 0xff, 0xff,
    0xff, 0xff, 0x4f, 0xff, 0x80, 0x0, 0x0, 0x0,
    0x0, 0xff, 0xf8, 0x0, 0x0, 0x0, 0x0, 0x0,
    0x4f, 0xed, 0xdd, 0xdd, 0xd6, 0x0, 0x4, 0xff,
    0xff, 0xff, 0xff, 0x80, 0x0,

    /* U+0452 "ђ" */
    0x4, 0xff, 0xf4, 0x0, 0x0, 0x0, 0x0, 0x4f,
    0xff, 0x40, 0x0, 0x0, 0x0, 0xdd, 0xff, 0xfd,
    0xdd, 0x90, 0x0, 0xf, 0xff, 0xff, 0xff, 0xfc,
    0x0, 0x0, 0x4, 0xff, 0xf4, 0x0, 0x0, 0x0,
    0x0, 0x4f, 0xff, 0x40, 0x0, 0x0, 0x0, 0x4,
    0xff, 0xff, 0xff, 0xff, 0x80, 0x0, 0x4f, 0xff,
    0xa8, 0x8a, 0xfc, 0x82, 0x4, 0xff, 0xf4, 0x0,
    0x4f, 0xff, 0x40, 0x4f, 0xff, 0x40, 0x4, 0xff,
    0xf4, 0x4, 0xff, 0xf4, 0x0, 0x4f, 0xff, 0x40,
    0x4f, 0xff, 0x40, 0x4, 0xff, 0xf4, 0x4, 0xff,
    0xf4, 0x0, 0x4f, 0xff, 0x40, 0x0, 0x0, 0x0,
    0xdd, 0xf8, 0x0, 0x0, 0x0, 0x0, 0xf, 0xff,
    0x80, 0x0,

    /* U+0453 "ѓ" */
    0x0, 0x0, 0x0, 0x4, 0xf8, 0x0, 0x0, 0x0,
    0x0, 0x25, 0xd6, 0x0, 0x0, 0x0, 0x0, 0xfc,
    0x0, 0x0, 0x0, 0x0, 0x0, 0xfc, 0x0, 0x0,
    0x4f, 0xff, 0xff, 0xff, 0xff, 0xf4, 0x4f, 0xff,
    0xdd, 0xdd, 0xde, 0xf4, 0x4f, 0xff, 0x40, 0x0,
    0x8, 0xf4, 0x4f, 0xff, 0x40, 0x0, 0x5, 0xa2,
    0x4f, 0xff, 0x40, 0x0, 0x0, 0x0, 0x4f, 0xff,
    0x40, 0x0, 0x0, 0x0, 0x4f, 0xff, 0x40, 0x0,
    0x0, 0x0, 0x4f, 0xff, 0x40, 0x0, 0x0, 0x0,
    0x4f, 0xff, 0x40, 0x0, 0x0, 0x0,

    /* U+0454 "є" */
    0x4, 0xff, 0xff, 0xff, 0xff, 0x80, 0x0, 0x4f,
    0xed, 0xdd, 0xdd, 0xf8, 0x0, 0xff, 0xf8, 0x0,
    0x0, 0x4f, 0xff, 0x4f, 0xff, 0xed, 0xdd, 0x0,
    0x22, 0x20, 0xff, 0xff, 0xff, 0xf0, 0x0, 0x0,
    0xf, 0xff, 0x80, 0x0, 0x3, 0xdd, 0xd3, 0xff,
    0xf8, 0x0, 0x0, 0x4f, 0xff, 0x40, 0x4f, 0xed,
    0xdd, 0xde, 0xf8, 0x0, 0x4, 0xff, 0xff, 0xff,
    0xff, 0x80, 0x0,

    /* U+0455 "ѕ" */
    0x4, 0xff, 0xff, 0xff, 0xff, 0x80, 0x0, 0x4f,
    0xed, 0xdd, 0xdd, 0xd6, 0x0, 0xff, 0xf8, 0x0,
    0x0, 0x0, 0x0, 0x2, 0x6f, 0xed, 0xdd, 0xdd,
    0xd6, 0x0, 0x4, 0xff, 0xff, 0xff, 0xff, 0x80,
    0x0, 0x0, 0x0, 0x0, 0x4, 0xfe, 0xd3, 0x0,
    0x0, 0x0, 0x0, 0x4f, 0xff, 0x4d, 0xdd, 0xdd,
    0xdd, 0xde, 0xf8, 0x0, 0xff, 0xff, 0xff, 0xff,
    0xff, 0x80, 0x0,

    /* U+0456 "і" */
    0x0, 0x0, 0xcf, 0xfc, 0x0, 0x0, 0x0, 0x0,
    0xad, 0xda, 0x0, 0x0, 0x0, 0x0, 0x0, 0x0,
    0x0, 0x0, 0x0, 0x0, 0x0, 0x0, 0x0, 0x0,
    0x0, 0x8f, 0xff, 0xfc, 0x0, 0x0, 0x0, 0x6d,
    0xff, 0xfc, 0x0, 0x0, 0x0, 0x0, 0xcf, 0xfc,
    0x0, 0x0, 0x0, 0x0, 0xcf, 0xfc, 0x0, 0x0,
    0x0, 0x0, 0xcf, 0xfc, 0x0, 0x0, 0x0, 0x0,
    0xcf, 0xfc, 0x0, 0x0, 0x0, 0x0, 0xcf, 0xfc,
    0x0, 0x0, 0x3d, 0xdd, 0xff, 0xff, 0xdd, 0xd3,
    0x4f, 0xff, 0xff, 0xff, 0xff, 0xf4,

    /* U+0457 "ї" */
    0x4f, 0xff, 0x40, 0xff, 0xf8, 0x0, 0x3d, 0xdd,
    0x30, 0xdd, 0xd6, 0x0, 0x0, 0x0, 0x0, 0x0,
    0x0, 0x0, 0x0, 0x0, 0x0, 0x0, 0x0, 0x0,
    0x0, 0x8f, 0xff, 0xfc, 0x0, 0x0, 0x0, 0x6d,
    0xff, 0xfc, 0x0, 0x0, 0x0, 0x0, 0xcf, 0xfc,
    0x0, 0x0, 0x0, 0x0, 0xcf, 0xfc, 0x0, 0x0,
    0x0, 0x0, 0xcf, 0xfc, 0x0, 0x0, 0x0, 0x0,
    0xcf, 0xfc, 0x0, 0x0, 0x0, 0x0, 0xcf, 0xfc,
    0x0, 0x0, 0x3d, 0xdd, 0xff, 0xff, 0xdd, 0xd3,
    0x4f, 0xff, 0xff, 0xff, 0xff, 0xf4,

    /* U+0458 "ј" */
    0x0, 0x0, 0x0, 0xff, 0xf8, 0x0, 0x0, 0x0,
    0xdd, 0xd6, 0x0, 0x0, 0x0, 0x0, 0x0, 0x0,
    0x0, 0x0, 0x0, 0x0, 0x0, 0x0, 0xcf, 0xff,
    0xf8, 0x0, 0x0, 0x9d, 0xff, 0xf8, 0x0, 0x0,
    0x0, 0xff, 0xf8, 0x0, 0x0, 0x0, 0xff, 0xf8,
    0x0, 0x0, 0x0, 0xff, 0xf8, 0x0, 0x0, 0x0,
    0xff, 0xf8, 0x0, 0x0, 0x0, 0xff, 0xf8, 0x0,
    0x0, 0x0, 0xff, 0xf8, 0x0, 0x0, 0x0, 0xff,
    0xf8, 0x3d, 0xdd, 0xdd, 0xfc, 0x0, 0x4f, 0xff,
    0xff, 0xfc, 0x0,

    /* U+0459 "љ" */
    0x4, 0xff, 0xff, 0xff, 0xc0, 0x0, 0x0, 0x4f,
    0xed, 0xff, 0xfc, 0x0, 0x0, 0x4, 0xf8, 0xc,
    0xff, 0xff, 0xff, 0x40, 0x4f, 0x80, 0xcf, 0xff,
    0xde, 0xf4, 0x4, 0xf8, 0xc, 0xff, 0xc0, 0x8f,
    0x4a, 0xcf, 0x80, 0xcf, 0xfc, 0x8, 0xf4, 0xff,
    0xf8, 0xc, 0xff, 0xc0, 0x8f, 0x4f, 0xff, 0x80,
    0xcf, 0xff, 0xde, 0xf4, 0xff, 0xf8, 0xc, 0xff,
    0xff, 0xff, 0x40,

    /* U+045A "њ" */
    0xff, 0xf8, 0xc, 0xff, 0xc0, 0x0, 0xf, 0xff,
    0x80, 0xcf, 0xfc, 0x0, 0x0, 0xff, 0xf8, 0xc,
    0xff, 0xff, 0xff, 0x4f, 0xff, 0xed, 0xff, 0xfc,
    0x29, 0xf4, 0xff, 0xff, 0xff, 0xff, 0xc0, 0x8f,
    0x4f, 0xff, 0x80, 0xcf, 0xfc, 0x8, 0xf4, 0xff,
    0xf8, 0xc, 0xff, 0xc0, 0x8f, 0x4f, 0xff, 0x80,
    0xcf, 0xff, 0xde, 0xf4, 0xff, 0xf8, 0xc, 0xff,
    0xff, 0xff, 0x40,

    /* U+045B "ћ" */
    0x4, 0xff, 0xf4, 0x0, 0x0, 0x0, 0x0, 0x4f,
    0xff, 0x40, 0x0, 0x0, 0x0, 0xff, 0xff, 0xff,
    0xff, 0xc0, 0x0, 0xd, 0xdf, 0xff, 0xdd, 0xd9,
    0x0, 0x0, 0x4, 0xff, 0xf4, 0x0, 0x0, 0x0,
    0x0, 0x4f, 0xff, 0x40, 0x0, 0x0, 0x0, 0x4,
    0xff, 0xff, 0xff, 0xff, 0x80, 0x0, 0x4f, 0xff,
    0xa8, 0x8a, 0xfc, 0x82, 0x4, 0xff, 0xf4, 0x0,
    0x4f, 0xff, 0x40, 0x4f, 0xff, 0x40, 0x4, 0xff,
    0xf4, 0x4, 0xff, 0xf4, 0x0, 0x4f, 0xff, 0x40,
    0x4f, 0xff, 0x40, 0x4, 0xff, 0xf4, 0x4, 0xff,
    0xf4, 0x0, 0x4f, 0xff, 0x40,

    /* U+045C "ќ" */
    0x0, 0x0, 0x0, 0xf, 0xc0, 0x0, 0x0, 0x0,
    0x0, 0x0, 0xda, 0x0, 0x0, 0x0, 0x0, 0xc,
    0xf0, 0x0, 0x0, 0x0, 0x0, 0x0, 0x9d, 0x0,
    0x0, 0x0, 0xff, 0xf8, 0x0, 0x0, 0x4f, 0xff,
    0x4f, 0xff, 0x80, 0x0, 0x25, 0xdd, 0xd3, 0xff,
    0xf8, 0x0, 0xf, 0xc0, 0x0, 0xf, 0xff, 0xed,
    0xdd, 0xff, 0xd6, 0x0, 0xff, 0xff, 0xff, 0xff,
    0xff, 0x80, 0xf, 0xff, 0x80, 0x0, 0x4, 0xfd,
    0xa2, 0xff, 0xf8, 0x0, 0x0, 0x4f, 0xff, 0x4f,
    0xff, 0x80, 0x0, 0x4, 0xff, 0xf4, 0xff, 0xf8,
    0x0, 0x0, 0x4f, 0xff, 0x40,

    /* U+045D "ѝ" */
    0x0, 0x8, 0xf4, 0x0, 0x0, 0x0, 0x0, 0x0,
    0x6d, 0x30, 0x0, 0x0, 0x0, 0x0, 0x0, 0xc,
    0xf0, 0x0, 0x0, 0x0, 0x0, 0x0, 0x9d, 0x0,
    0x0, 0x0, 0xff, 0xf8, 0x0, 0x0, 0x4f, 0xff,
    0x4f, 0xff, 0x80, 0x0, 0x4, 0xff, 0xf4, 0xff,
    0xf8, 0x0, 0xf, 0xff, 0xff, 0x4f, 0xff, 0x80,
    0x9d, 0x26, 0xff, 0xf4, 0xff, 0xf8, 0xc, 0xf0,
    0x4f, 0xff, 0x4f, 0xff, 0xed, 0x30, 0x4, 0xff,
    0xf4, 0xff, 0xff, 0xf4, 0x0, 0x4f, 0xff, 0x4f,
    0xff, 0x80, 0x0, 0x4, 0xff, 0xf4, 0xff, 0xf8,
    0x0, 0x0, 0x4f, 0xff, 0x40,

    /* U+045E "ў" */
    0x4, 0xff, 0xff, 0xff, 0xff, 0x80, 0x0, 0x3d,
    0xdd, 0xdd, 0xdd, 0xd6, 0x0, 0x0, 0x0, 0x0,
    0x0, 0x0, 0x0, 0x0, 0x0, 0x0, 0x0, 0x0,
    0x0, 0x0, 0xff, 0xf8, 0x0, 0x0, 0x4f, 0xff,
    0x4f, 0xff, 0x80, 0x0, 0x4, 0xff, 0xf4, 0xff,
    0xf8, 0x0, 0x0, 0x4f, 0xff, 0x4f, 0xff, 0x80,
    0x0, 0x4, 0xff, 0xf4, 0xff, 0xf8, 0x0, 0x0,
    0x4f, 0xff, 0x48, 0xaf, 0xed, 0xdd, 0xdd, 0xff,
    0xf4, 0x4, 0xff, 0xff, 0xff, 0xff, 0xff, 0x40,
    0x0, 0x0, 0x0, 0x4, 0xff, 0xf4, 0x0, 0x0,
    0x0, 0x0, 0x4f, 0xff, 0x40, 0x3d, 0xdd, 0xdd,
    0xdd, 0xf8, 0x0, 0x4, 0xff, 0xff, 0xff, 0xff,
    0x80, 0x0,

    /* U+045F "џ" */
    0xff, 0xf8, 0x0, 0x0, 0x4f, 0xff, 0x4f, 0xff,
    0x80, 0x0, 0x4, 0xff, 0xf4, 0xff, 0xf8, 0x0,
    0x0, 0x4f, 0xff, 0x4f, 0xff, 0x80, 0x0, 0x4,
    0xff, 0xf4, 0xff, 0xf8, 0x0, 0x0, 0x4f, 0xff,
    0x4f, 0xff, 0x80, 0x0, 0x4, 0xff, 0xf4, 0xff,
    0xf8, 0x0, 0x0, 0x4f, 0xff, 0x4f, 0xff, 0xed,
    0xdd, 0xde, 0xff, 0xf4, 0xff, 0xff, 0xff, 0xff,
    0xff, 0xff, 0x40, 0x0, 0x0, 0xcf, 0x0, 0x0,
    0x0, 0x0, 0x0, 0xc, 0xf0, 0x0, 0x0, 0x0,

    /* U+2022 "•" */
    0x0, 0xcf, 0xfc, 0x0, 0x0, 0xcf, 0xfc, 0x0,
    0x8f, 0xff, 0xff, 0xf8, 0x8f, 0xff, 0xff, 0xf8,
    0x8f, 0xff, 0xff, 0xf8, 0x5a, 0xef, 0xfe, 0xa5,
    0x0, 0xcf, 0xfc, 0x0, 0x0, 0x35, 0x53, 0x0,

    /* U+F001 "" */
    0x0, 0x0, 0x0, 0x0, 0x0, 0x0, 0x0, 0x0,
    0x0, 0x0, 0x0, 0x0, 0x2, 0x7b, 0xfb, 0x0,
    0x0, 0x0, 0x4, 0x9d, 0xff, 0xff, 0xd0, 0x0,
    0x3, 0xaf, 0xff, 0xff, 0xff, 0xfd, 0x0, 0x0,
    0xaf, 0xff, 0xff, 0xff, 0xdf, 0xd0, 0x0, 0xa,
    0xff, 0xff, 0xb6, 0x10, 0xed, 0x0, 0x0, 0xaf,
    0x94, 0x0, 0x0, 0xe, 0xd0, 0x0, 0xa, 0xf1,
    0x0, 0x0, 0x0, 0xed, 0x0, 0x0, 0xaf, 0x10,
    0x0, 0x0, 0xe, 0xd0, 0x0, 0xa, 0xf1, 0x0,
    0x0, 0x45, 0xfd, 0x0, 0x0, 0xaf, 0x10, 0x1,
    0xef, 0xff, 0xd0, 0x17, 0x9d, 0xf1, 0x0, 0x5f,
    0xff, 0xfc, 0xe, 0xff, 0xff, 0x10, 0x0, 0xaf,
    0xfd, 0x31, 0xff, 0xff, 0xe0, 0x0, 0x0, 0x1,
    0x0, 0x3, 0xbd, 0xa3, 0x0, 0x0, 0x0, 0x0,
    0x0,

    /* U+F008 "" */
    0x50, 0x18, 0x88, 0x88, 0x88, 0x84, 0x5, 0xfa,
    0xbf, 0xdd, 0xdd, 0xdd, 0xfd, 0xaf, 0xe4, 0x7f,
    0x10, 0x0, 0x0, 0xca, 0x4e, 0xe0, 0x4f, 0x10,
    0x0, 0x0, 0xc8, 0xe, 0xfe, 0xef, 0x10, 0x0,
    0x0, 0xcf, 0xef, 0xe0, 0x3f, 0xee, 0xee, 0xee,
    0xf8, 0xe, 0xf6, 0x8f, 0x76, 0x66, 0x66, 0xeb,
    0x6f, 0xf8, 0xaf, 0x10, 0x0, 0x0, 0xcc, 0x8f,
    0xe0, 0x3f, 0x10, 0x0, 0x0, 0xc8, 0xe, 0xfc,
    0xdf, 0x65, 0x55, 0x55, 0xee, 0xcf, 0xc2, 0x5f,
    0xff, 0xff, 0xff, 0xf9, 0x2c,

    /* U+F00B "" */
    0x57, 0x75, 0x5, 0x77, 0x77, 0x77, 0x75, 0xff,
    0xff, 0x1f, 0xff, 0xff, 0xff, 0xff, 0xff, 0xff,
    0x2f, 0xff, 0xff, 0xff, 0xff, 0xef, 0xff, 0xe,
    0xff, 0xff, 0xff, 0xfe, 0x1, 0x10, 0x0, 0x11,
    0x11, 0x11, 0x10, 0xef, 0xfe, 0xe, 0xff, 0xff,
    0xff, 0xfe, 0xff, 0xff, 0x2f, 0xff, 0xff, 0xff,
    0xff, 0xff, 0xff, 0x1f, 0xff, 0xff, 0xff, 0xff,
    0x68, 0x87, 0x7, 0x88, 0x88, 0x88, 0x86, 0x68,
    0x87, 0x7, 0x88, 0x88, 0x88, 0x86, 0xff, 0xff,
    0x1f, 0xff, 0xff, 0xff, 0xff, 0xff, 0xff, 0x2f,
    0xff, 0xff, 0xff, 0xff, 0xdf, 0xfd, 0xd, 0xff,
    0xff, 0xff, 0xfd,

    /* U+F00C "" */
    0x0, 0x0, 0x0, 0x0, 0x0, 0x1, 0x50, 0x0,
    0x0, 0x0, 0x0, 0x0, 0x1d, 0xf8, 0x0, 0x0,
    0x0, 0x0, 0x1, 0xdf, 0xfd, 0x0, 0x0, 0x0,
    0x0, 0x1d, 0xff, 0xe2, 0x2d, 0x60, 0x0, 0x1,
    0xdf, 0xfe, 0x20, 0xdf, 0xf6, 0x0, 0x1d, 0xff,
    0xe2, 0x0, 0x8f, 0xff, 0x61, 0xdf, 0xfe, 0x20,
    0x0, 0x8, 0xff, 0xfe, 0xff, 0xe2, 0x0, 0x0,
    0x0, 0x8f, 0xff, 0xfe, 0x20, 0x0, 0x0, 0x0,
    0x8, 0xff, 0xe2, 0x0, 0x0, 0x0, 0x0, 0x0,
    0x7d, 0x20, 0x0, 0x0, 0x0,

    /* U+F00D "" */
    0x0, 0x0, 0x0, 0x0, 0x0, 0x7f, 0x60, 0x0,
    0xb, 0xe2, 0xef, 0xf6, 0x0, 0xbf, 0xf8, 0x4f,
    0xff, 0x6b, 0xff, 0xd1, 0x4, 0xff, 0xff, 0xfd,
    0x10, 0x0, 0x5f, 0xff, 0xe1, 0x0, 0x0, 0xbf,
    0xff, 0xf6, 0x0, 0xb, 0xff, 0xdf, 0xff, 0x60,
    0xbf, 0xfd, 0x14, 0xff, 0xf5, 0xcf, 0xd1, 0x0,
    0x4f, 0xf6, 0x17, 0x10, 0x0, 0x3, 0x60,

    /* U+F011 "" */
    0x0, 0x0, 0x0, 0x11, 0x0, 0x0, 0x0, 0x0,
    0x0, 0x0, 0xff, 0x0, 0x0, 0x0, 0x0, 0x6f,
    0x21, 0xff, 0x12, 0xf7, 0x0, 0x6, 0xff, 0x61,
    0xff, 0x16, 0xff, 0x60, 0x1f, 0xf9, 0x1, 0xff,
    0x10, 0x9f, 0xf1, 0x6f, 0xe0, 0x1, 0xff, 0x10,
    0xe, 0xf6, 0xaf, 0x80, 0x1, 0xff, 0x10, 0x8,
    0xfa, 0xcf, 0x60, 0x1, 0xff, 0x10, 0x6, 0xfc,
    0xaf, 0x80, 0x0, 0xaa, 0x0, 0x8, 0xfb, 0x7f,
    0xd0, 0x0, 0x0, 0x0, 0xd, 0xf7, 0x1f, 0xf8,
    0x0, 0x0, 0x0, 0x8f, 0xf1, 0x7, 0xff, 0x91,
    0x0, 0x2a, 0xff, 0x70, 0x0, 0x9f, 0xff, 0xee,
    0xff, 0xf9, 0x0, 0x0, 0x5, 0xcf, 0xff, 0xfd,
    0x50, 0x0, 0x0, 0x0, 0x2, 0x44, 0x20, 0x0,
    0x0,

    /* U+F013 "" */
    0x0, 0x0, 0x0, 0x0, 0x0, 0x0, 0x0, 0x0,
    0x0, 0xa, 0xff, 0xa0, 0x0, 0x0, 0x0, 0x0,
    0xc, 0xff, 0xc0, 0x0, 0x0, 0x3, 0xd6, 0xdf,
    0xff, 0xfd, 0x6d, 0x30, 0xe, 0xff, 0xff, 0xff,
    0xff, 0xff, 0xe0, 0x5f, 0xff, 0xff, 0xaa, 0xff,
    0xff, 0xf5, 0x1a, 0xff, 0xf4, 0x0, 0x4f, 0xff,
    0xa1, 0x3, 0xff, 0xd0, 0x0, 0xd, 0xff, 0x30,
    0x4, 0xff, 0xf0, 0x0, 0xf, 0xff, 0x40, 0x4f,
    0xff, 0xfb, 0x22, 0xbf, 0xff, 0xf4, 0x2f, 0xff,
    0xff, 0xff, 0xff, 0xff, 0xf2, 0x9, 0xfe, 0xff,
    0xff, 0xff, 0xef, 0x90, 0x0, 0x50, 0x5e, 0xff,
    0xe5, 0x5, 0x0, 0x0, 0x0, 0xc, 0xff, 0xc0,
    0x0, 0x0, 0x0, 0x0, 0x4, 0x77, 0x40, 0x0,
    0x0,

    /* U+F015 "" */
    0x0, 0x0, 0x0, 0x3, 0x10, 0x3, 0x41, 0x0,
    0x0, 0x0, 0x0, 0x9f, 0xf5, 0xd, 0xf5, 0x0,
    0x0, 0x0, 0x1b, 0xfd, 0xff, 0x8d, 0xf5, 0x0,
    0x0, 0x2, 0xdf, 0xb1, 0x2d, 0xff, 0xf5, 0x0,
    0x0, 0x4f, 0xf8, 0x3e, 0xc2, 0xbf, 0xf5, 0x0,
    0x7, 0xff, 0x55, 0xff, 0xfe, 0x39, 0xfe, 0x40,
    0x9f, 0xe3, 0x8f, 0xff, 0xff, 0xf5, 0x6f, 0xf6,
    0xac, 0x2a, 0xff, 0xff, 0xff, 0xff, 0x73, 0xe6,
    0x0, 0x5f, 0xff, 0xff, 0xff, 0xff, 0xf1, 0x0,
    0x0, 0x6f, 0xff, 0xd7, 0x7f, 0xff, 0xf2, 0x0,
    0x0, 0x6f, 0xff, 0x90, 0xd, 0xff, 0xf2, 0x0,
    0x0, 0x6f, 0xff, 0x90, 0xd, 0xff, 0xf2, 0x0,
    0x0, 0x4f, 0xff, 0x70, 0xb, 0xff, 0xe1, 0x0,

    /* U+F019 "" */
    0x0, 0x0, 0x0, 0x33, 0x0, 0x0, 0x0, 0x0,
    0x0, 0xb, 0xff, 0xb0, 0x0, 0x0, 0x0, 0x0,
    0xc, 0xff, 0xc0, 0x0, 0x0, 0x0, 0x0, 0xc,
    0xff, 0xc0, 0x0, 0x0, 0x0, 0x0, 0xc, 0xff,
    0xc0, 0x0, 0x0, 0x0, 0x0, 0xc, 0xff, 0xc0,
    0x0, 0x0, 0x0, 0x8f, 0xff, 0xff, 0xff, 0xf8,
    0x0, 0x0, 0x2e, 0xff, 0xff, 0xff, 0xe2, 0x0,
    0x0, 0x2, 0xef, 0xff, 0xfe, 0x20, 0x0, 0x0,
    0x0, 0x2d, 0xff, 0xe2, 0x0, 0x0, 0x79, 0x99,
    0x82, 0xde, 0x28, 0x99, 0x97, 0xff, 0xff, 0xfb,
    0x22, 0xbf, 0xff, 0xff, 0xff, 0xff, 0xff, 0xff,
    0xff, 0xff, 0xff, 0xff, 0xff, 0xff, 0xff, 0xfa,
    0xb3, 0xcf, 0xac, 0xcc, 0xcc, 0xcc, 0xcc, 0xcc,
    0xca,

    /* U+F01C "" */
    0x0, 0x6, 0xbb, 0xbb, 0xbb, 0xba, 0x30, 0x0,
    0x0, 0x4f, 0xff, 0xff, 0xff, 0xff, 0xe1, 0x0,
    0x0, 0xef, 0x30, 0x0, 0x0, 0x6, 0xfb, 0x0,
    0x9, 0xf8, 0x0, 0x0, 0x0, 0x0, 0xcf, 0x50,
    0x4f, 0xd0, 0x0, 0x0, 0x0, 0x0, 0x2f, 0xe1,
    0xdf, 0x84, 0x42, 0x0, 0x0, 0x34, 0x4b, 0xf9,
    0xff, 0xff, 0xfd, 0x0, 0x1, 0xff, 0xff, 0xfb,
    0xff, 0xff, 0xff, 0x98, 0x8b, 0xff, 0xff, 0xfc,
    0xff, 0xff, 0xff, 0xff, 0xff, 0xff, 0xff, 0xfc,
    0xff, 0xff, 0xff, 0xff, 0xff, 0xff, 0xff, 0xfb,
    0x9f, 0xff, 0xff, 0xff, 0xff, 0xff, 0xff, 0xf6,

    /* U+F021 "" */
    0x0, 0x0, 0x0, 0x0, 0x0, 0x0, 0x33, 0x0,
    0x1, 0x8d, 0xff, 0xc6, 0x0, 0xef, 0x0, 0x4e,
    0xff, 0xff, 0xff, 0xe4, 0xdf, 0x4, 0xff, 0xb3,
    0x0, 0x4c, 0xff, 0xff, 0xe, 0xf9, 0x0, 0x0,
    0x0, 0x8f, 0xff, 0x6f, 0xc0, 0x0, 0x1, 0xff,
    0xff, 0xff, 0x8e, 0x50, 0x0, 0x1, 0xde, 0xee,
    0xed, 0x0, 0x0, 0x0, 0x0, 0x0, 0x0, 0x0,
    0x22, 0x22, 0x22, 0x0, 0x0, 0x0, 0x21, 0xff,
    0xff, 0xff, 0x10, 0x0, 0x8, 0xf8, 0xff, 0xfb,
    0xbc, 0x10, 0x0, 0x1e, 0xf4, 0xff, 0xfc, 0x10,
    0x0, 0x1, 0xdf, 0xc0, 0xfe, 0xef, 0xe8, 0x44,
    0x8e, 0xfe, 0x10, 0xfe, 0x1a, 0xff, 0xff, 0xff,
    0xc1, 0x0, 0xfd, 0x0, 0x28, 0xbb, 0x94, 0x0,
    0x0,

    /* U+F026 "" */
    0x0, 0x0, 0x2, 0x70, 0x0, 0x2, 0xef, 0x0,
    0x2, 0xef, 0xfd, 0xff, 0xff, 0xff, 0xff, 0xff,
    0xff, 0xff, 0xff, 0xff, 0xff, 0xff, 0xff, 0xff,
    0xff, 0xff, 0xff, 0xff, 0x34, 0x47, 0xff, 0xf0,
    0x0, 0x5, 0xff, 0x0, 0x0, 0x5, 0xc0, 0x0,
    0x0, 0x0,

    /* U+F027 "" */
    0x0, 0x0, 0x2, 0x70, 0x0, 0x0, 0x0, 0x2,
    0xef, 0x0, 0x0, 0x0, 0x2, 0xef, 0xf0, 0x0,
    0xd, 0xff, 0xff, 0xff, 0x2, 0x20, 0xff, 0xff,
    0xff, 0xf0, 0x8e, 0x1f, 0xff, 0xff, 0xff, 0x0,
    0xe7, 0xff, 0xff, 0xff, 0xf0, 0x3f, 0x5f, 0xff,
    0xff, 0xff, 0x8, 0x90, 0x34, 0x47, 0xff, 0xf0,
    0x0, 0x0, 0x0, 0x5, 0xff, 0x0, 0x0, 0x0,
    0x0, 0x5, 0xc0, 0x0, 0x0, 0x0, 0x0, 0x0,
    0x0, 0x0,

    /* U+F028 "" */
    0x0, 0x0, 0x0, 0x0, 0x0, 0x7, 0x70, 0x0,
    0x0, 0x0, 0x2, 0x70, 0x0, 0x5, 0xfa, 0x0,
    0x0, 0x0, 0x2e, 0xf0, 0x0, 0x81, 0x4f, 0x60,
    0x0, 0x2, 0xef, 0xf0, 0x1, 0xdd, 0x7, 0xf0,
    0xdf, 0xff, 0xff, 0xf0, 0x32, 0x1e, 0x80, 0xf6,
    0xff, 0xff, 0xff, 0xf0, 0x8e, 0x27, 0xe0, 0xb9,
    0xff, 0xff, 0xff, 0xf0, 0xe, 0x73, 0xf1, 0x9b,
    0xff, 0xff, 0xff, 0xf0, 0x3f, 0x54, 0xf0, 0x9a,
    0xff, 0xff, 0xff, 0xf0, 0x89, 0xa, 0xc0, 0xd8,
    0x34, 0x47, 0xff, 0xf0, 0x0, 0x7f, 0x43, 0xf3,
    0x0, 0x0, 0x5f, 0xf0, 0x2, 0xf6, 0xc, 0xb0,
    0x0, 0x0, 0x5, 0xc0, 0x0, 0x0, 0xbf, 0x10,
    0x0, 0x0, 0x0, 0x0, 0x0, 0x9, 0xe3, 0x0,
    0x0, 0x0, 0x0, 0x0, 0x0, 0x2, 0x10, 0x0,

    /* U+F03E "" */
    0x37, 0x88, 0x88, 0x88, 0x88, 0x88, 0x73, 0xef,
    0xff, 0xff, 0xff, 0xff, 0xff, 0xfe, 0xfe, 0x32,
    0xdf, 0xff, 0xff, 0xff, 0xff, 0xf9, 0x0, 0x7f,
    0xff, 0xfd, 0xff, 0xff, 0xfd, 0x10, 0xcf, 0xff,
    0xa0, 0x7f, 0xff, 0xff, 0xff, 0xff, 0xfa, 0x0,
    0x7, 0xff, 0xff, 0xf3, 0x5f, 0xa0, 0x0, 0x0,
    0xcf, 0xff, 0x30, 0x3, 0x0, 0x0, 0x0, 0xcf,
    0xfc, 0x0, 0x0, 0x0, 0x0, 0x0, 0xcf, 0xff,
    0xcc, 0xcc, 0xcc, 0xcc, 0xcc, 0xff, 0xaf, 0xff,
    0xff, 0xff, 0xff, 0xff, 0xf9,

    /* U+F043 "" */
    0x0, 0x0, 0x20, 0x0, 0x0, 0x0, 0x1, 0xfa,
    0x0, 0x0, 0x0, 0x6, 0xff, 0x10, 0x0, 0x0,
    0xd, 0xff, 0x70, 0x0, 0x0, 0x6f, 0xff, 0xf1,
    0x0, 0x1, 0xef, 0xff, 0xfa, 0x0, 0xb, 0xff,
    0xff, 0xff, 0x60, 0x5f, 0xff, 0xff, 0xff, 0xe0,
    0xcf, 0xff, 0xff, 0xff, 0xf6, 0xfe, 0xbf, 0xff,
    0xff, 0xf9, 0xfd, 0x4f, 0xff, 0xff, 0xf9, 0xbf,
    0x49, 0xff, 0xff, 0xf5, 0x3f, 0xe5, 0x2e, 0xff,
    0xd0, 0x6, 0xff, 0xff, 0xfd, 0x20, 0x0, 0x28,
    0xba, 0x60, 0x0,

    /* U+F048 "" */
    0x4, 0x30, 0x0, 0x0, 0x31, 0x1f, 0xe0, 0x0,
    0x6, 0xf9, 0x1f, 0xe0, 0x0, 0x7f, 0xfa, 0x1f,
    0xe0, 0x9, 0xff, 0xfa, 0x1f, 0xe0, 0xaf, 0xff,
    0xfa, 0x1f, 0xeb, 0xff, 0xff, 0xfa, 0x1f, 0xff,
    0xff, 0xff, 0xfa, 0x1f, 0xff, 0xff, 0xff, 0xfa,
    0x1f, 0xe6, 0xff, 0xff, 0xfa, 0x1f, 0xe0, 0x5f,
    0xff, 0xfa, 0x1f, 0xe0, 0x4, 0xff, 0xfa, 0x1f,
    0xe0, 0x0, 0x3e, 0xfa, 0xf, 0xd0, 0x0, 0x2,
    0xd7, 0x0, 0x0, 0x0, 0x0, 0x0,

    /* U+F04B "" */
    0x2, 0x0, 0x0, 0x0, 0x0, 0x0, 0xc, 0xfb,
    0x20, 0x0, 0x0, 0x0, 0x0, 0xff, 0xff, 0x90,
    0x0, 0x0, 0x0, 0xf, 0xff, 0xff, 0xe6, 0x0,
    0x0, 0x0, 0xff, 0xff, 0xff, 0xfc, 0x30, 0x0,
    0xf, 0xff, 0xff, 0xff, 0xff, 0x91, 0x0, 0xff,
    0xff, 0xff, 0xff, 0xff, 0xe6, 0xf, 0xff, 0xff,
    0xff, 0xff, 0xff, 0xf2, 0xff, 0xff, 0xff, 0xff,
    0xff, 0xfd, 0xf, 0xff, 0xff, 0xff, 0xff, 0xf8,
    0x0, 0xff, 0xff, 0xff, 0xff, 0xb2, 0x0, 0xf,
    0xff, 0xff, 0xfd, 0x40, 0x0, 0x0, 0xff, 0xff,
    0xf7, 0x0, 0x0, 0x0, 0xf, 0xff, 0xa1, 0x0,
    0x0, 0x0, 0x0, 0x6a, 0x40, 0x0, 0x0, 0x0,
    0x0, 0x0,

    /* U+F04C "" */
    0x14, 0x44, 0x20, 0x1, 0x44, 0x42, 0xd, 0xff,
    0xff, 0x10, 0xdf, 0xff, 0xf1, 0xff, 0xff, 0xf3,
    0xf, 0xff, 0xff, 0x3f, 0xff, 0xff, 0x40, 0xff,
    0xff, 0xf4, 0xff, 0xff, 0xf4, 0xf, 0xff, 0xff,
    0x4f, 0xff, 0xff, 0x40, 0xff, 0xff, 0xf4, 0xff,
    0xff, 0xf4, 0xf, 0xff, 0xff, 0x4f, 0xff, 0xff,
    0x40, 0xff, 0xff, 0xf4, 0xff, 0xff, 0xf4, 0xf,
    0xff, 0xff, 0x4f, 0xff, 0xff, 0x40, 0xff, 0xff,
    0xf4, 0xff, 0xff, 0xf4, 0xf, 0xff, 0xff, 0x4f,
    0xff, 0xff, 0x30, 0xff, 0xff, 0xf3, 0x9f, 0xff,
    0xc0, 0x9, 0xff, 0xfc, 0x0,

    /* U+F04D "" */
    0x14, 0x44, 0x44, 0x44, 0x44, 0x42, 0xd, 0xff,
    0xff, 0xff, 0xff, 0xff, 0xf1, 0xff, 0xff, 0xff,
    0xff, 0xff, 0xff, 0x3f, 0xff, 0xff, 0xff, 0xff,
    0xff, 0xf4, 0xff, 0xff, 0xff, 0xff, 0xff, 0xff,
    0x4f, 0xff, 0xff, 0xff, 0xff, 0xff, 0xf4, 0xff,
    0xff, 0xff, 0xff, 0xff, 0xff, 0x4f, 0xff, 0xff,
    0xff, 0xff, 0xff, 0xf4, 0xff, 0xff, 0xff, 0xff,
    0xff, 0xff, 0x4f, 0xff, 0xff, 0xff, 0xff, 0xff,
    0xf4, 0xff, 0xff, 0xff, 0xff, 0xff, 0xff, 0x4f,
    0xff, 0xff, 0xff, 0xff, 0xff, 0xf3, 0x9f, 0xff,
    0xff, 0xff, 0xff, 0xfc, 0x0,

    /* U+F051 "" */
    0x2, 0x10, 0x0, 0x0, 0x42, 0xf, 0xe2, 0x0,
    0x3, 0xfb, 0xf, 0xfe, 0x30, 0x4, 0xfb, 0xf,
    0xff, 0xf4, 0x4, 0xfb, 0xf, 0xff, 0xff, 0x54,
    0xfb, 0xf, 0xff, 0xff, 0xfa, 0xfb, 0xf, 0xff,
    0xff, 0xff, 0xfb, 0xf, 0xff, 0xff, 0xff, 0xfb,
    0xf, 0xff, 0xff, 0xd6, 0xfb, 0xf, 0xff, 0xfd,
    0x14, 0xfb, 0xf, 0xff, 0xc1, 0x4, 0xfb, 0xf,
    0xfb, 0x0, 0x4, 0xfb, 0xc, 0xa0, 0x0, 0x3,
    0xfa, 0x0, 0x0, 0x0, 0x0, 0x0,

    /* U+F052 "" */
    0x0, 0x0, 0x0, 0x12, 0x0, 0x0, 0x0, 0x0,
    0x0, 0x3, 0xff, 0x60, 0x0, 0x0, 0x0, 0x0,
    0x2e, 0xff, 0xf5, 0x0, 0x0, 0x0, 0x1, 0xef,
    0xff, 0xff, 0x40, 0x0, 0x0, 0x1d, 0xff, 0xff,
    0xff, 0xf3, 0x0, 0x0, 0xcf, 0xff, 0xff, 0xff,
    0xfe, 0x20, 0xa, 0xff, 0xff, 0xff, 0xff, 0xff,
    0xe0, 0xe, 0xff, 0xff, 0xff, 0xff, 0xff, 0xf2,
    0x3, 0x99, 0x99, 0x99, 0x99, 0x99, 0x50, 0x5,
    0x88, 0x88, 0x88, 0x88, 0x88, 0x70, 0xf, 0xff,
    0xff, 0xff, 0xff, 0xff, 0xf3, 0xf, 0xff, 0xff,
    0xff, 0xff, 0xff, 0xf4, 0xb, 0xff, 0xff, 0xff,
    0xff, 0xff, 0xd1,

    /* U+F053 "" */
    0x0, 0x0, 0x0, 0x0, 0x0, 0x0, 0x0, 0x3f,
    0x90, 0x0, 0x0, 0x3f, 0xfc, 0x0, 0x0, 0x3f,
    0xfd, 0x10, 0x0, 0x3f, 0xfd, 0x10, 0x0, 0x3f,
    0xfd, 0x10, 0x0, 0x1f, 0xfd, 0x10, 0x0, 0x0,
    0xcf, 0xf4, 0x0, 0x0, 0x0, 0xcf, 0xf4, 0x0,
    0x0, 0x0, 0xcf, 0xf4, 0x0, 0x0, 0x0, 0xcf,
    0xf4, 0x0, 0x0, 0x0, 0xcf, 0xe0, 0x0, 0x0,
    0x0, 0xa4, 0x0,

    /* U+F054 "" */
    0x0, 0x0, 0x0, 0x0, 0x0, 0xcd, 0x10, 0x0,
    0x0, 0x1f, 0xfd, 0x10, 0x0, 0x0, 0x3f, 0xfd,
    0x10, 0x0, 0x0, 0x3f, 0xfd, 0x10, 0x0, 0x0,
    0x3f, 0xfd, 0x10, 0x0, 0x0, 0x3f, 0xfd, 0x0,
    0x0, 0x7, 0xff, 0x90, 0x0, 0x7, 0xff, 0x90,
    0x0, 0x7, 0xff, 0x90, 0x0, 0x7, 0xff, 0x90,
    0x0, 0x2, 0xff, 0x90, 0x0, 0x0, 0x7, 0x80,
    0x0, 0x0, 0x0,

    /* U+F067 "" */
    0x0, 0x0, 0x4, 0x50, 0x0, 0x0, 0x0, 0x0,
    0x2, 0xff, 0x60, 0x0, 0x0, 0x0, 0x0, 0x3f,
    0xf7, 0x0, 0x0, 0x0, 0x0, 0x3, 0xff, 0x70,
    0x0, 0x0, 0x0, 0x0, 0x3f, 0xf7, 0x0, 0x0,
    0x6, 0x99, 0x9a, 0xff, 0xc9, 0x99, 0x80, 0xff,
    0xff, 0xff, 0xff, 0xff, 0xff, 0x3d, 0xff, 0xff,
    0xff, 0xff, 0xff, 0xf2, 0x1, 0x11, 0x3f, 0xf7,
    0x11, 0x10, 0x0, 0x0, 0x3, 0xff, 0x70, 0x0,
    0x0, 0x0, 0x0, 0x3f, 0xf7, 0x0, 0x0, 0x0,
    0x0, 0x3, 0xff, 0x70, 0x0, 0x0, 0x0, 0x0,
    0xc, 0xd3, 0x0, 0x0, 0x0,

    /* U+F068 "" */
    0x69, 0x99, 0x99, 0x99, 0x99, 0x98, 0xf, 0xff,
    0xff, 0xff, 0xff, 0xff, 0xf3, 0xdf, 0xff, 0xff,
    0xff, 0xff, 0xff, 0x20, 0x0, 0x0, 0x0, 0x0,
    0x0, 0x0,

    /* U+F06E "" */
    0x0, 0x0, 0x1, 0x56, 0x64, 0x0, 0x0, 0x0,
    0x0, 0x3, 0xbf, 0xfe, 0xef, 0xf9, 0x10, 0x0,
    0x0, 0x7f, 0xfa, 0x10, 0x3, 0xdf, 0xe4, 0x0,
    0x8, 0xff, 0xa0, 0x9, 0xb4, 0x1e, 0xff, 0x50,
    0x4f, 0xff, 0x20, 0xb, 0xff, 0x26, 0xff, 0xe1,
    0xef, 0xff, 0x9, 0xcf, 0xff, 0x63, 0xff, 0xfa,
    0xbf, 0xff, 0x9, 0xff, 0xff, 0x54, 0xff, 0xf6,
    0x1e, 0xff, 0x51, 0xdf, 0xfb, 0x9, 0xff, 0xb0,
    0x3, 0xef, 0xe2, 0x4, 0x30, 0x5f, 0xfc, 0x10,
    0x0, 0x2c, 0xff, 0x95, 0x6a, 0xff, 0x90, 0x0,
    0x0, 0x0, 0x49, 0xdf, 0xfd, 0x92, 0x0, 0x0,

    /* U+F070 "" */
    0x0, 0x0, 0x0, 0x0, 0x0, 0x0, 0x0, 0x0,
    0x0, 0xcd, 0x20, 0x0, 0x0, 0x0, 0x0, 0x0,
    0x0, 0x0, 0x8f, 0xf5, 0x0, 0x14, 0x66, 0x40,
    0x0, 0x0, 0x0, 0x4, 0xef, 0xac, 0xff, 0xef,
    0xff, 0x91, 0x0, 0x0, 0x0, 0x1c, 0xff, 0xa1,
    0x0, 0x4d, 0xfe, 0x30, 0x0, 0x0, 0x0, 0x9f,
    0xf5, 0xab, 0x31, 0xef, 0xf4, 0x0, 0x7, 0xb1,
    0x5, 0xff, 0xff, 0xe1, 0x7f, 0xfe, 0x10, 0xf,
    0xfe, 0x30, 0x2d, 0xff, 0xf5, 0x4f, 0xff, 0x90,
    0xc, 0xff, 0xe0, 0x0, 0xaf, 0xf6, 0x5f, 0xff,
    0x60, 0x2, 0xff, 0xf4, 0x0, 0x6, 0xff, 0xef,
    0xfb, 0x0, 0x0, 0x4f, 0xfd, 0x10, 0x0, 0x3e,
    0xff, 0xc0, 0x0, 0x0, 0x2, 0xdf, 0xe8, 0x54,
    0x1, 0xbf, 0xe3, 0x0, 0x0, 0x0, 0x5, 0xae,
    0xff, 0x60, 0x7, 0xff, 0x60, 0x0, 0x0, 0x0,
    0x0, 0x0, 0x0, 0x0, 0x4e, 0xf6, 0x0, 0x0,
    0x0, 0x0, 0x0, 0x0, 0x0, 0x1, 0xa1,

    /* U+F071 "" */
    0x0, 0x0, 0x0, 0x0, 0x0, 0x0, 0x0, 0x0,
    0x0, 0x0, 0x0, 0x0, 0x3e, 0xd0, 0x0, 0x0,
    0x0, 0x0, 0x0, 0x0, 0xc, 0xff, 0x80, 0x0,
    0x0, 0x0, 0x0, 0x0, 0x6, 0xff, 0xff, 0x20,
    0x0, 0x0, 0x0, 0x0, 0x0, 0xef, 0xff, 0xfb,
    0x0, 0x0, 0x0, 0x0, 0x0, 0x8f, 0xfc, 0xcf,
    0xf4, 0x0, 0x0, 0x0, 0x0, 0x2f, 0xfb, 0x0,
    0xff, 0xd0, 0x0, 0x0, 0x0, 0xb, 0xff, 0xc0,
    0xf, 0xff, 0x70, 0x0, 0x0, 0x4, 0xff, 0xfd,
    0x1, 0xff, 0xff, 0x10, 0x0, 0x0, 0xdf, 0xff,
    0xe0, 0x2f, 0xff, 0xfa, 0x0, 0x0, 0x7f, 0xff,
    0xff, 0x9b, 0xff, 0xff, 0xf3, 0x0, 0x1f, 0xff,
    0xff, 0xb0, 0xe, 0xff, 0xff, 0xc0, 0xa, 0xff,
    0xff, 0xfe, 0x24, 0xff, 0xff, 0xff, 0x60, 0xff,
    0xff, 0xff, 0xff, 0xff, 0xff, 0xff, 0xfa, 0x6,
    0xcc, 0xcc, 0xcc, 0xcc, 0xcc, 0xcc, 0xcb, 0x30,

    /* U+F074 "" */
    0x0, 0x0, 0x0, 0x0, 0x0, 0x36, 0x0, 0x0,
    0x0, 0x0, 0x0, 0x0, 0x7f, 0x80, 0xdd, 0xdb,
    0x0, 0x0, 0x8d, 0xef, 0xf8, 0xff, 0xff, 0xb0,
    0x7, 0xff, 0xff, 0xfd, 0x55, 0x6f, 0xf4, 0x6f,
    0xf8, 0xaf, 0xe2, 0x0, 0x5, 0x74, 0xff, 0x90,
    0x7e, 0x20, 0x0, 0x0, 0x3f, 0xfa, 0x0, 0x0,
    0x0, 0x0, 0x2, 0xef, 0xc2, 0x50, 0x4a, 0x0,
    0x1, 0x2e, 0xfd, 0x1d, 0xf4, 0x8f, 0xb0, 0xff,
    0xff, 0xe1, 0xb, 0xff, 0xff, 0xfb, 0xff, 0xfe,
    0x20, 0x0, 0xcf, 0xff, 0xfb, 0x12, 0x21, 0x0,
    0x0, 0x2, 0x9f, 0xc0, 0x0, 0x0, 0x0, 0x0,
    0x0, 0x5b, 0x0,

    /* U+F077 "" */
    0x0, 0x0, 0x7, 0xa0, 0x0, 0x0, 0x0, 0x0,
    0x8, 0xff, 0xb0, 0x0, 0x0, 0x0, 0x8, 0xff,
    0xff, 0xb0, 0x0, 0x0, 0x8, 0xff, 0x95, 0xff,
    0xb0, 0x0, 0x8, 0xff, 0x90, 0x5, 0xff, 0xb0,
    0x7, 0xff, 0x90, 0x0, 0x5, 0xff, 0xb0, 0x9f,
    0x90, 0x0, 0x0, 0x5, 0xfd, 0x0, 0x40, 0x0,
    0x0, 0x0, 0x3, 0x10,

    /* U+F078 "" */
    0x4c, 0x20, 0x0, 0x0, 0x0, 0xb6, 0xb, 0xfe,
    0x20, 0x0, 0x0, 0xcf, 0xf0, 0x2e, 0xfe, 0x20,
    0x0, 0xcf, 0xf4, 0x0, 0x2e, 0xfe, 0x20, 0xcf,
    0xf4, 0x0, 0x0, 0x2e, 0xfe, 0xcf, 0xf4, 0x0,
    0x0, 0x0, 0x2e, 0xff, 0xf4, 0x0, 0x0, 0x0,
    0x0, 0x2e, 0xf4, 0x0, 0x0, 0x0, 0x0, 0x0,
    0x13, 0x0, 0x0, 0x0,

    /* U+F079 "" */
    0x0, 0x8, 0x30, 0x0, 0x0, 0x0, 0x0, 0x0,
    0x0, 0x0, 0xbf, 0xf3, 0x8, 0xbb, 0xbb, 0xbb,
    0x90, 0x0, 0xb, 0xff, 0xff, 0x39, 0xff, 0xff,
    0xff, 0xf1, 0x0, 0x8f, 0xcf, 0xcf, 0xf0, 0x0,
    0x0, 0xa, 0xf1, 0x0, 0x38, 0x2f, 0x94, 0x80,
    0x0, 0x0, 0xa, 0xf1, 0x0, 0x0, 0x2f, 0x90,
    0x0, 0x0, 0x0, 0xa, 0xf1, 0x0, 0x0, 0x2f,
    0x90, 0x0, 0x0, 0x3, 0xa, 0xf1, 0x30, 0x0,
    0x2f, 0x90, 0x0, 0x0, 0x1f, 0xcb, 0xf8, 0xf8,
    0x0, 0x2f, 0xeb, 0xbb, 0xbb, 0x39, 0xff, 0xff,
    0xe2, 0x0, 0x1f, 0xff, 0xff, 0xff, 0xb0, 0x9f,
    0xfd, 0x20, 0x0, 0x0, 0x0, 0x0, 0x0, 0x0,
    0x8, 0xd1, 0x0,

    /* U+F07B "" */
    0x37, 0x88, 0x87, 0x0, 0x0, 0x0, 0x0, 0xef,
    0xff, 0xff, 0xa0, 0x0, 0x0, 0x0, 0xff, 0xff,
    0xff, 0xfd, 0xcc, 0xcc, 0xb6, 0xff, 0xff, 0xff,
    0xff, 0xff, 0xff, 0xff, 0xff, 0xff, 0xff, 0xff,
    0xff, 0xff, 0xff, 0xff, 0xff, 0xff, 0xff, 0xff,
    0xff, 0xff, 0xff, 0xff, 0xff, 0xff, 0xff, 0xff,
    0xff, 0xff, 0xff, 0xff, 0xff, 0xff, 0xff, 0xff,
    0xff, 0xff, 0xff, 0xff, 0xff, 0xff, 0xff, 0xff,
    0xff, 0xff, 0xff, 0xff, 0xff, 0xff, 0xaf, 0xff,
    0xff, 0xff, 0xff, 0xff, 0xf9,

    /* U+F093 "" */
    0x0, 0x0, 0x0, 0x0, 0x0, 0x0, 0x0, 0x0,
    0x0, 0x1, 0xdd, 0x10, 0x0, 0x0, 0x0, 0x0,
    0x1d, 0xff, 0xd1, 0x0, 0x0, 0x0, 0x1, 0xdf,
    0xff, 0xfd, 0x10, 0x0, 0x0, 0x1d, 0xff, 0xff,
    0xff, 0xd1, 0x0, 0x0, 0x9f, 0xff, 0xff, 0xff,
    0xf9, 0x0, 0x0, 0x1, 0x1c, 0xff, 0xc1, 0x10,
    0x0, 0x0, 0x0, 0xc, 0xff, 0xc0, 0x0, 0x0,
    0x0, 0x0, 0xc, 0xff, 0xc0, 0x0, 0x0, 0x0,
    0x0, 0xc, 0xff, 0xc0, 0x0, 0x0, 0x79, 0x99,
    0x3b, 0xff, 0xb3, 0x99, 0x97, 0xff, 0xff, 0xb2,
    0x44, 0x2b, 0xff, 0xff, 0xff, 0xff, 0xfe, 0xdd,
    0xef, 0xff, 0xff, 0xff, 0xff, 0xff, 0xff, 0xfa,
    0xb3, 0xcf, 0xac, 0xcc, 0xcc, 0xcc, 0xcc, 0xcc,
    0xca,

    /* U+F095 "" */
    0x0, 0x0, 0x0, 0x0, 0x0, 0x2, 0x0, 0x0,
    0x0, 0x0, 0x0, 0x0, 0x4, 0xff, 0xc7, 0x0,
    0x0, 0x0, 0x0, 0x0, 0xaf, 0xff, 0xf0, 0x0,
    0x0, 0x0, 0x0, 0x1f, 0xff, 0xfd, 0x0, 0x0,
    0x0, 0x0, 0x6, 0xff, 0xff, 0xc0, 0x0, 0x0,
    0x0, 0x0, 0x8, 0xff, 0xf7, 0x0, 0x0, 0x0,
    0x0, 0x0, 0xc, 0xff, 0x30, 0x0, 0x0, 0x0,
    0x0, 0x4, 0xff, 0xc0, 0x0, 0x0, 0x0, 0x0,
    0x1, 0xef, 0xf3, 0x0, 0x0, 0x4a, 0x30, 0x2,
    0xdf, 0xf8, 0x0, 0x5, 0xdf, 0xfe, 0x15, 0xef,
    0xfb, 0x0, 0x0, 0xef, 0xff, 0xff, 0xff, 0xfa,
    0x0, 0x0, 0xb, 0xff, 0xff, 0xff, 0xf7, 0x0,
    0x0, 0x0, 0x7f, 0xff, 0xff, 0xa2, 0x0, 0x0,
    0x0, 0x2, 0xba, 0x85, 0x0, 0x0, 0x0, 0x0,
    0x0,

    /* U+F0C4 "" */
    0x4, 0x86, 0x0, 0x0, 0x0, 0x10, 0x6, 0xff,
    0xfa, 0x0, 0x2, 0xdf, 0xd1, 0xef, 0x3c, 0xf1,
    0x1, 0xdf, 0xfa, 0xe, 0xe0, 0xaf, 0x21, 0xdf,
    0xfa, 0x0, 0x9f, 0xef, 0xf6, 0xdf, 0xfa, 0x0,
    0x0, 0x8d, 0xff, 0xff, 0xfb, 0x0, 0x0, 0x0,
    0x6, 0xff, 0xfd, 0x0, 0x0, 0x0, 0x48, 0xef,
    0xff, 0xf6, 0x0, 0x0, 0x6f, 0xff, 0xfb, 0xff,
    0xf6, 0x0, 0xe, 0xf3, 0xcf, 0x23, 0xff, 0xf6,
    0x0, 0xee, 0xa, 0xf2, 0x4, 0xff, 0xf6, 0x9,
    0xfe, 0xfc, 0x0, 0x4, 0xff, 0xf1, 0x8, 0xda,
    0x10, 0x0, 0x2, 0x62, 0x0,

    /* U+F0C5 "" */
    0x0, 0x0, 0x0, 0x0, 0x0, 0x0, 0x0, 0x0,
    0x6f, 0xff, 0xf9, 0x86, 0x0, 0x0, 0x8, 0xff,
    0xff, 0x98, 0xf6, 0x8, 0xa6, 0x8f, 0xff, 0xf9,
    0x59, 0x90, 0xff, 0xa8, 0xff, 0xff, 0xfc, 0xcc,
    0xf, 0xfa, 0x8f, 0xff, 0xff, 0xff, 0xf1, 0xff,
    0xa8, 0xff, 0xff, 0xff, 0xff, 0x1f, 0xfa, 0x8f,
    0xff, 0xff, 0xff, 0xf1, 0xff, 0xa8, 0xff, 0xff,
    0xff, 0xff, 0x1f, 0xfa, 0x8f, 0xff, 0xff, 0xff,
    0xf1, 0xff, 0xa8, 0xff, 0xff, 0xff, 0xff, 0x1f,
    0xfa, 0x7f, 0xff, 0xff, 0xff, 0xf0, 0xff, 0xe3,
    0x12, 0x22, 0x22, 0x21, 0xf, 0xff, 0xff, 0xff,
    0xf9, 0x0, 0x0, 0xac, 0xcc, 0xcc, 0xcb, 0x50,
    0x0, 0x0,

    /* U+F0C7 "" */
    0x49, 0x99, 0x99, 0x99, 0x95, 0x0, 0xe, 0xff,
    0xff, 0xff, 0xff, 0xf6, 0x0, 0xfd, 0x22, 0x22,
    0x22, 0x4f, 0xf6, 0xf, 0xc0, 0x0, 0x0, 0x1,
    0xff, 0xf3, 0xfc, 0x0, 0x0, 0x0, 0x1f, 0xff,
    0x6f, 0xc0, 0x0, 0x0, 0x2, 0xff, 0xf6, 0xff,
    0xff, 0xff, 0xff, 0xff, 0xff, 0x6f, 0xff, 0xff,
    0xdc, 0xff, 0xff, 0xf6, 0xff, 0xff, 0xb0, 0x5,
    0xff, 0xff, 0x6f, 0xff, 0xf6, 0x0, 0xf, 0xff,
    0xf6, 0xff, 0xff, 0xc0, 0x6, 0xff, 0xff, 0x6f,
    0xff, 0xff, 0xed, 0xff, 0xff, 0xf6, 0x9f, 0xff,
    0xff, 0xff, 0xff, 0xfd, 0x10,

    /* U+F0C9 "" */
    0xcd, 0xdd, 0xdd, 0xdd, 0xdd, 0xdd, 0x2f, 0xff,
    0xff, 0xff, 0xff, 0xff, 0xf3, 0x12, 0x22, 0x22,
    0x22, 0x22, 0x22, 0x0, 0x0, 0x0, 0x0, 0x0,
    0x0, 0x0, 0x0, 0x0, 0x0, 0x0, 0x0, 0x0,
    0xf, 0xff, 0xff, 0xff, 0xff, 0xff, 0xf3, 0xde,
    0xee, 0xee, 0xee, 0xee, 0xee, 0x20, 0x0, 0x0,
    0x0, 0x0, 0x0, 0x0, 0x0, 0x0, 0x0, 0x0,
    0x0, 0x0, 0xd, 0xee, 0xee, 0xee, 0xee, 0xee,
    0xe2, 0xff, 0xff, 0xff, 0xff, 0xff, 0xff, 0x30,
    0x0, 0x0, 0x0, 0x0, 0x0, 0x0,

    /* U+F0E0 "" */
    0x37, 0x88, 0x88, 0x88, 0x88, 0x88, 0x73, 0xef,
    0xff, 0xff, 0xff, 0xff, 0xff, 0xfe, 0xef, 0xff,
    0xff, 0xff, 0xff, 0xff, 0xfe, 0x1c, 0xff, 0xff,
    0xff, 0xff, 0xff, 0xc1, 0xd2, 0x8f, 0xff, 0xff,
    0xff, 0xf8, 0x2d, 0xff, 0x64, 0xef, 0xff, 0xfe,
    0x45, 0xff, 0xff, 0xfa, 0x2b, 0xff, 0xb2, 0xaf,
    0xff, 0xff, 0xff, 0xd3, 0x55, 0x3d, 0xff, 0xff,
    0xff, 0xff, 0xff, 0xbb, 0xff, 0xff, 0xff, 0xff,
    0xff, 0xff, 0xff, 0xff, 0xff, 0xff, 0xaf, 0xff,
    0xff, 0xff, 0xff, 0xff, 0xf9,

    /* U+F0E7 "" */
    0x0, 0x0, 0x0, 0x0, 0x0, 0x1, 0xff, 0xff,
    0xf0, 0x0, 0x4, 0xff, 0xff, 0xd0, 0x0, 0x6,
    0xff, 0xff, 0x80, 0x0, 0x8, 0xff, 0xff, 0x30,
    0x0, 0xa, 0xff, 0xff, 0xaa, 0xa6, 0xc, 0xff,
    0xff, 0xff, 0xf8, 0xe, 0xff, 0xff, 0xff, 0xe1,
    0xb, 0xdd, 0xdf, 0xff, 0x60, 0x0, 0x0, 0x4f,
    0xfd, 0x0, 0x0, 0x0, 0x7f, 0xf3, 0x0, 0x0,
    0x0, 0xbf, 0xa0, 0x0, 0x0, 0x0, 0xff, 0x10,
    0x0, 0x0, 0x3, 0xf8, 0x0, 0x0, 0x0, 0x3,
    0xc0, 0x0, 0x0,

    /* U+F0EA "" */
    0x0, 0x0, 0x20, 0x0, 0x0, 0x0, 0x4, 0x55,
    0xef, 0xb5, 0x52, 0x0, 0x0, 0xff, 0xfd, 0x1f,
    0xff, 0xb0, 0x0, 0xf, 0xff, 0xff, 0xff, 0xfc,
    0x0, 0x0, 0xff, 0xff, 0x53, 0x33, 0x20, 0x0,
    0xf, 0xff, 0x97, 0xff, 0xfb, 0x57, 0x0, 0xff,
    0xf8, 0xaf, 0xff, 0xc6, 0xf8, 0xf, 0xff, 0x8a,
    0xff, 0xfc, 0x4a, 0xa1, 0xff, 0xf8, 0xaf, 0xff,
    0xe3, 0x22, 0xf, 0xff, 0x8a, 0xff, 0xff, 0xff,
    0xf4, 0xff, 0xf8, 0xaf, 0xff, 0xff, 0xff, 0x4f,
    0xff, 0x8a, 0xff, 0xff, 0xff, 0xf4, 0x35, 0x52,
    0xaf, 0xff, 0xff, 0xff, 0x40, 0x0, 0xa, 0xff,
    0xff, 0xff, 0xf4, 0x0, 0x0, 0x7f, 0xff, 0xff,
    0xfe, 0x20,

    /* U+F0F3 "" */
    0x0, 0x0, 0x1, 0x10, 0x0, 0x0, 0x0, 0x0,
    0x0, 0xaf, 0x0, 0x0, 0x0, 0x0, 0x1, 0x8f,
    0xfa, 0x30, 0x0, 0x0, 0x2, 0xef, 0xff, 0xff,
    0x50, 0x0, 0x0, 0xbf, 0xff, 0xff, 0xff, 0x10,
    0x0, 0x1f, 0xff, 0xff, 0xff, 0xf5, 0x0, 0x3,
    0xff, 0xff, 0xff, 0xff, 0x70, 0x0, 0x5f, 0xff,
    0xff, 0xff, 0xf9, 0x0, 0x8, 0xff, 0xff, 0xff,
    0xff, 0xc0, 0x0, 0xdf, 0xff, 0xff, 0xff, 0xff,
    0x20, 0x9f, 0xff, 0xff, 0xff, 0xff, 0xfd, 0xe,
    0xff, 0xff, 0xff, 0xff, 0xff, 0xf2, 0x2, 0x22,
    0x22, 0x22, 0x22, 0x21, 0x0, 0x0, 0x8, 0xff,
    0xc0, 0x0, 0x0, 0x0, 0x0, 0x9, 0xa2, 0x0,
    0x0, 0x0,

    /* U+F11C "" */
    0x5b, 0xbb, 0xbb, 0xbb, 0xbb, 0xbb, 0xbb, 0xa3,
    0xff, 0xff, 0xff, 0xff, 0xff, 0xff, 0xff, 0xfb,
    0xfc, 0xc, 0x30, 0xe1, 0x1d, 0xd, 0x11, 0xfc,
    0xfc, 0xb, 0x30, 0xe0, 0x1d, 0xd, 0x10, 0xfc,
    0xff, 0xfe, 0xff, 0xef, 0xfe, 0xfe, 0xef, 0xfc,
    0xff, 0xf1, 0x5a, 0x8, 0x70, 0xa0, 0x5f, 0xfc,
    0xff, 0xf3, 0x7b, 0x29, 0x92, 0xc2, 0x7f, 0xfc,
    0xff, 0xbf, 0xcb, 0xbb, 0xbb, 0xbf, 0xcb, 0xfc,
    0xfc, 0xb, 0x20, 0x0, 0x0, 0xd, 0x0, 0xfc,
    0xff, 0xcf, 0xcc, 0xcc, 0xcc, 0xcf, 0xcc, 0xfb,
    0x9f, 0xff, 0xff, 0xff, 0xff, 0xff, 0xff, 0xf6,

    /* U+F124 "" */
    0x0, 0x0, 0x0, 0x0, 0x0, 0x0, 0x2, 0x0,
    0x0, 0x0, 0x0, 0x0, 0x0, 0x5, 0xdf, 0xb0,
    0x0, 0x0, 0x0, 0x0, 0x7, 0xef, 0xff, 0xd0,
    0x0, 0x0, 0x0, 0x18, 0xff, 0xff, 0xff, 0x70,
    0x0, 0x0, 0x29, 0xff, 0xff, 0xff, 0xff, 0x0,
    0x0, 0x3b, 0xff, 0xff, 0xff, 0xff, 0xf8, 0x0,
    0xa, 0xff, 0xff, 0xff, 0xff, 0xff, 0xf1, 0x0,
    0xf, 0xff, 0xff, 0xff, 0xff, 0xff, 0xa0, 0x0,
    0x4, 0x9a, 0xaa, 0xaf, 0xff, 0xff, 0x20, 0x0,
    0x0, 0x0, 0x0, 0xe, 0xff, 0xfb, 0x0, 0x0,
    0x0, 0x0, 0x0, 0xe, 0xff, 0xf4, 0x0, 0x0,
    0x0, 0x0, 0x0, 0xe, 0xff, 0xc0, 0x0, 0x0,
    0x0, 0x0, 0x0, 0xe, 0xff, 0x50, 0x0, 0x0,
    0x0, 0x0, 0x0, 0xd, 0xfd, 0x0, 0x0, 0x0,
    0x0, 0x0, 0x0, 0x4, 0xb3, 0x0, 0x0, 0x0,

    /* U+F15B "" */
    0x35, 0x55, 0x55, 0x2, 0x0, 0xf, 0xff, 0xff,
    0xf2, 0xf4, 0x0, 0xff, 0xff, 0xff, 0x2f, 0xf4,
    0xf, 0xff, 0xff, 0xf2, 0xff, 0xf3, 0xff, 0xff,
    0xff, 0x32, 0x22, 0x1f, 0xff, 0xff, 0xff, 0xff,
    0xf7, 0xff, 0xff, 0xff, 0xff, 0xff, 0x8f, 0xff,
    0xff, 0xff, 0xff, 0xf8, 0xff, 0xff, 0xff, 0xff,
    0xff, 0x8f, 0xff, 0xff, 0xff, 0xff, 0xf8, 0xff,
    0xff, 0xff, 0xff, 0xff, 0x8f, 0xff, 0xff, 0xff,
    0xff, 0xf8, 0xff, 0xff, 0xff, 0xff, 0xff, 0x8f,
    0xff, 0xff, 0xff, 0xff, 0xf8, 0x8a, 0xaa, 0xaa,
    0xaa, 0xaa, 0x30,

    /* U+F1EB "" */
    0x0, 0x0, 0x0, 0x24, 0x55, 0x31, 0x0, 0x0,
    0x0, 0x0, 0x3, 0xaf, 0xff, 0xff, 0xff, 0xc7,
    0x0, 0x0, 0x2, 0xbf, 0xff, 0xfe, 0xde, 0xff,
    0xff, 0xf6, 0x0, 0x5f, 0xff, 0xb5, 0x10, 0x0,
    0x3, 0x8e, 0xff, 0xb0, 0xdf, 0xd3, 0x0, 0x0,
    0x0, 0x0, 0x0, 0x8f, 0xf5, 0x18, 0x0, 0x5,
    0xae, 0xfe, 0xc8, 0x10, 0x4, 0x60, 0x0, 0x2,
    0xdf, 0xff, 0xff, 0xff, 0xf8, 0x0, 0x0, 0x0,
    0xc, 0xff, 0x95, 0x34, 0x7d, 0xff, 0x40, 0x0,
    0x0, 0x2, 0xa2, 0x0, 0x0, 0x0, 0x77, 0x0,
    0x0, 0x0, 0x0, 0x0, 0x2, 0x96, 0x0, 0x0,
    0x0, 0x0, 0x0, 0x0, 0x0, 0xd, 0xff, 0x50,
    0x0, 0x0, 0x0, 0x0, 0x0, 0x0, 0xe, 0xff,
    0x60, 0x0, 0x0, 0x0, 0x0, 0x0, 0x0, 0x5,
    0xda, 0x0, 0x0, 0x0, 0x0,

    /* U+F240 "" */
    0x5b, 0xbb, 0xbb, 0xbb, 0xbb, 0xbb, 0xbb, 0xba,
    0x20, 0xff, 0xff, 0xff, 0xff, 0xff, 0xff, 0xff,
    0xff, 0x90, 0xfc, 0x12, 0x22, 0x22, 0x22, 0x22,
    0x22, 0xf, 0xf7, 0xfc, 0x5f, 0xff, 0xff, 0xff,
    0xff, 0xff, 0x2c, 0xfa, 0xfc, 0x5f, 0xff, 0xff,
    0xff, 0xff, 0xff, 0x21, 0xfa, 0xfc, 0x5f, 0xff,
    0xff, 0xff, 0xff, 0xff, 0x27, 0xfa, 0xfc, 0x26,
    0x66, 0x66, 0x66, 0x66, 0x66, 0x1f, 0xfa, 0xfe,
    0xbb, 0xbb, 0xbb, 0xbb, 0xbb, 0xbb, 0xbf, 0xb1,
    0xaf, 0xff, 0xff, 0xff, 0xff, 0xff, 0xff, 0xff,
    0x50, 0x0, 0x0, 0x0, 0x0, 0x0, 0x0, 0x0,
    0x0, 0x0,

    /* U+F241 "" */
    0x5b, 0xbb, 0xbb, 0xbb, 0xbb, 0xbb, 0xbb, 0xba,
    0x20, 0xff, 0xff, 0xff, 0xff, 0xff, 0xff, 0xff,
    0xff, 0x90, 0xfc, 0x12, 0x22, 0x22, 0x22, 0x21,
    0x0, 0xf, 0xf7, 0xfc, 0x5f, 0xff, 0xff, 0xff,
    0xf8, 0x0, 0xc, 0xfa, 0xfc, 0x5f, 0xff, 0xff,
    0xff, 0xf8, 0x0, 0x1, 0xfa, 0xfc, 0x5f, 0xff,
    0xff, 0xff, 0xf8, 0x0, 0x7, 0xfa, 0xfc, 0x26,
    0x66, 0x66, 0x66, 0x63, 0x0, 0xf, 0xfa, 0xfe,
    0xbb, 0xbb, 0xbb, 0xbb, 0xbb, 0xbb, 0xbf, 0xb1,
    0xaf, 0xff, 0xff, 0xff, 0xff, 0xff, 0xff, 0xff,
    0x50, 0x0, 0x0, 0x0, 0x0, 0x0, 0x0, 0x0,
    0x0, 0x0,

    /* U+F242 "" */
    0x5b, 0xbb, 0xbb, 0xbb, 0xbb, 0xbb, 0xbb, 0xba,
    0x20, 0xff, 0xff, 0xff, 0xff, 0xff, 0xff, 0xff,
    0xff, 0x90, 0xfc, 0x12, 0x22, 0x22, 0x10, 0x0,
    0x0, 0xf, 0xf7, 0xfc, 0x5f, 0xff, 0xff, 0xd0,
    0x0, 0x0, 0xc, 0xfa, 0xfc, 0x5f, 0xff, 0xff,
    0xd0, 0x0, 0x0, 0x1, 0xfa, 0xfc, 0x5f, 0xff,
    0xff, 0xd0, 0x0, 0x0, 0x7, 0xfa, 0xfc, 0x26,
    0x66, 0x66, 0x50, 0x0, 0x0, 0xf, 0xfa, 0xfe,
    0xbb, 0xbb, 0xbb, 0xbb, 0xbb, 0xbb, 0xbf, 0xb1,
    0xaf, 0xff, 0xff, 0xff, 0xff, 0xff, 0xff, 0xff,
    0x50, 0x0, 0x0, 0x0, 0x0, 0x0, 0x0, 0x0,
    0x0, 0x0,

    /* U+F243 "" */
    0x5b, 0xbb, 0xbb, 0xbb, 0xbb, 0xbb, 0xbb, 0xba,
    0x20, 0xff, 0xff, 0xff, 0xff, 0xff, 0xff, 0xff,
    0xff, 0x90, 0xfc, 0x12, 0x22, 0x0, 0x0, 0x0,
    0x0, 0xf, 0xf7, 0xfc, 0x5f, 0xff, 0x30, 0x0,
    0x0, 0x0, 0xc, 0xfa, 0xfc, 0x5f, 0xff, 0x30,
    0x0, 0x0, 0x0, 0x1, 0xfa, 0xfc, 0x5f, 0xff,
    0x30, 0x0, 0x0, 0x0, 0x7, 0xfa, 0xfc, 0x26,
    0x66, 0x10, 0x0, 0x0, 0x0, 0xf, 0xfa, 0xfe,
    0xbb, 0xbb, 0xbb, 0xbb, 0xbb, 0xbb, 0xbf, 0xb1,
    0xaf, 0xff, 0xff, 0xff, 0xff, 0xff, 0xff, 0xff,
    0x50, 0x0, 0x0, 0x0, 0x0, 0x0, 0x0, 0x0,
    0x0, 0x0,

    /* U+F244 "" */
    0x5b, 0xbb, 0xbb, 0xbb, 0xbb, 0xbb, 0xbb, 0xba,
    0x20, 0xff, 0xff, 0xff, 0xff, 0xff, 0xff, 0xff,
    0xff, 0x90, 0xfc, 0x0, 0x0, 0x0, 0x0, 0x0,
    0x0, 0xf, 0xf7, 0xfc, 0x0, 0x0, 0x0, 0x0,
    0x0, 0x0, 0xc, 0xfa, 0xfc, 0x0, 0x0, 0x0,
    0x0, 0x0, 0x0, 0x1, 0xfa, 0xfc, 0x0, 0x0,
    0x0, 0x0, 0x0, 0x0, 0x7, 0xfa, 0xfc, 0x0,
    0x0, 0x0, 0x0, 0x0, 0x0, 0xf, 0xfa, 0xfe,
    0xbb, 0xbb, 0xbb, 0xbb, 0xbb, 0xbb, 0xbf, 0xb1,
    0xaf, 0xff, 0xff, 0xff, 0xff, 0xff, 0xff, 0xff,
    0x50, 0x0, 0x0, 0x0, 0x0, 0x0, 0x0, 0x0,
    0x0, 0x0,

    /* U+F287 "" */
    0x0, 0x0, 0x0, 0x0, 0x7, 0xb2, 0x0, 0x0,
    0x0, 0x0, 0x0, 0x0, 0xa, 0xdf, 0xfa, 0x0,
    0x0, 0x0, 0x0, 0x0, 0x0, 0xa9, 0x3d, 0xf5,
    0x0, 0x0, 0x0, 0x4, 0x40, 0x2, 0xe0, 0x0,
    0x10, 0x0, 0x0, 0x0, 0xaf, 0xf8, 0xb, 0x60,
    0x0, 0x0, 0x0, 0x6c, 0x30, 0xff, 0xff, 0xff,
    0xff, 0xff, 0xff, 0xff, 0xff, 0xf4, 0xaf, 0xf9,
    0x0, 0xc, 0x50, 0x0, 0x0, 0x6d, 0x40, 0x5,
    0x50, 0x0, 0x4, 0xc0, 0x0, 0x0, 0x10, 0x0,
    0x0, 0x0, 0x0, 0x0, 0xc4, 0x3e, 0xe8, 0x0,
    0x0, 0x0, 0x0, 0x0, 0x0, 0x2e, 0xef, 0xfa,
    0x0, 0x0, 0x0, 0x0, 0x0, 0x0, 0x0, 0x4f,
    0xfa, 0x0, 0x0, 0x0, 0x0, 0x0, 0x0, 0x0,
    0x0, 0x0, 0x0, 0x0,

    /* U+F293 "" */
    0x0, 0x0, 0x1, 0x10, 0x0, 0x0, 0x0, 0x7,
    0xef, 0xff, 0xb3, 0x0, 0x0, 0xaf, 0xfd, 0x8f,
    0xff, 0x20, 0x4, 0xff, 0xfd, 0x9, 0xff, 0xb0,
    0xa, 0xfe, 0xfd, 0x12, 0xaf, 0xf0, 0xe, 0xf5,
    0x5d, 0x2c, 0xe, 0xf3, 0xf, 0xff, 0x33, 0x12,
    0x9f, 0xf5, 0xf, 0xff, 0xf3, 0x7, 0xff, 0xf6,
    0xf, 0xff, 0xe2, 0x6, 0xff, 0xf6, 0xf, 0xfe,
    0x24, 0x13, 0x7f, 0xf5, 0xd, 0xf5, 0x7d, 0x2c,
    0xd, 0xf3, 0xa, 0xff, 0xfd, 0x11, 0xbf, 0xf0,
    0x3, 0xff, 0xfe, 0xb, 0xff, 0xa0, 0x0, 0x7f,
    0xfe, 0xbf, 0xfe, 0x10, 0x0, 0x3, 0xac, 0xdc,
    0x81, 0x0,

    /* U+F2ED "" */
    0x0, 0x0, 0x34, 0x43, 0x0, 0x0, 0x5, 0x66,
    0x7f, 0xff, 0xf9, 0x66, 0x50, 0xff, 0xff, 0xff,
    0xff, 0xff, 0xff, 0x35, 0x66, 0x66, 0x66, 0x66,
    0x66, 0x50, 0x1c, 0xcc, 0xcc, 0xcc, 0xcc, 0xc4,
    0x2, 0xff, 0xff, 0xff, 0xff, 0xff, 0x60, 0x2f,
    0xf3, 0xfb, 0x7f, 0x6d, 0xf6, 0x2, 0xff, 0x2f,
    0xb7, 0xf5, 0xdf, 0x60, 0x2f, 0xf2, 0xfb, 0x7f,
    0x5d, 0xf6, 0x2, 0xff, 0x2f, 0xb7, 0xf5, 0xdf,
    0x60, 0x2f, 0xf2, 0xfb, 0x7f, 0x5d, 0xf6, 0x2,
    0xff, 0x2f, 0xb7, 0xf5, 0xdf, 0x60, 0x2f, 0xf3,
    0xfb, 0x7f, 0x6d, 0xf6, 0x1, 0xff, 0xff, 0xff,
    0xff, 0xff, 0x50, 0x7, 0xbc, 0xcc, 0xcc, 0xcc,
    0x90, 0x0,

    /* U+F304 "" */
    0x0, 0x0, 0x0, 0x0, 0x0, 0x1, 0x20, 0x0,
    0x0, 0x0, 0x0, 0x0, 0x4, 0xff, 0x50, 0x0,
    0x0, 0x0, 0x0, 0x2, 0xff, 0xff, 0x50, 0x0,
    0x0, 0x0, 0x4, 0x39, 0xff, 0xfe, 0x0, 0x0,
    0x0, 0x4, 0xff, 0x39, 0xff, 0xa0, 0x0, 0x0,
    0x4, 0xff, 0xff, 0x39, 0xb0, 0x0, 0x0, 0x4,
    0xff, 0xff, 0xff, 0x20, 0x0, 0x0, 0x4, 0xff,
    0xff, 0xff, 0xb0, 0x0, 0x0, 0x4, 0xff, 0xff,
    0xff, 0xb0, 0x0, 0x0, 0x4, 0xff, 0xff, 0xff,
    0xb0, 0x0, 0x0, 0x4, 0xff, 0xff, 0xff, 0xb0,
    0x0, 0x0, 0x0, 0xbf, 0xff, 0xff, 0xb0, 0x0,
    0x0, 0x0, 0xd, 0xff, 0xff, 0xb0, 0x0, 0x0,
    0x0, 0x0, 0xff, 0xff, 0xb0, 0x0, 0x0, 0x0,
    0x0, 0x9, 0xa8, 0x60, 0x0, 0x0, 0x0, 0x0,
    0x0,

    /* U+F55A "" */
    0x0, 0x0, 0x17, 0x88, 0x88, 0x88, 0x88, 0x87,
    0x40, 0x0, 0x2, 0xef, 0xff, 0xff, 0xff, 0xff,
    0xff, 0xf4, 0x0, 0x3e, 0xff, 0xff, 0xcf, 0xff,
    0xcf, 0xff, 0xf7, 0x3, 0xef, 0xff, 0xf9, 0x8,
    0xf8, 0x9, 0xff, 0xf8, 0x3e, 0xff, 0xff, 0xfe,
    0x20, 0x40, 0x2e, 0xff, 0xf8, 0xdf, 0xff, 0xff,
    0xff, 0xe1, 0x1, 0xef, 0xff, 0xf8, 0x9f, 0xff,
    0xff, 0xff, 0x80, 0x0, 0x8f, 0xff, 0xf8, 0x9,
    0xff, 0xff, 0xf9, 0x2, 0xc2, 0x9, 0xff, 0xf8,
    0x0, 0x9f, 0xff, 0xfe, 0x4e, 0xfe, 0x4e, 0xff,
    0xf8, 0x0, 0x9, 0xff, 0xff, 0xff, 0xff, 0xff,
    0xff, 0xf7, 0x0, 0x0, 0x8f, 0xff, 0xff, 0xff,
    0xff, 0xff, 0xc1,

    /* U+F7C2 "" */
    0x0, 0x0, 0x0, 0x0, 0x0, 0x0, 0x3, 0xef,
    0xff, 0xff, 0xe2, 0x3, 0xfb, 0xfb, 0xce, 0xbf,
    0xa4, 0xff, 0x1d, 0x3, 0xa1, 0xfa, 0xff, 0xf1,
    0xd0, 0x3a, 0x1f, 0xaf, 0xff, 0xff, 0xff, 0xff,
    0xfa, 0xff, 0xff, 0xff, 0xff, 0xff, 0xaf, 0xff,
    0xff, 0xff, 0xff, 0xfa, 0xff, 0xff, 0xff, 0xff,
    0xff, 0xaf, 0xff, 0xff, 0xff, 0xff, 0xfa, 0xff,
    0xff, 0xff, 0xff, 0xff, 0xaf, 0xff, 0xff, 0xff,
    0xff, 0xfa, 0xff, 0xff, 0xff, 0xff, 0xff, 0xad,
    0xff, 0xff, 0xff, 0xff, 0xf8, 0x29, 0xaa, 0xaa,
    0xaa, 0xa8, 0x0,

    /* U+F8A2 "" */
    0x0, 0x0, 0x0, 0x0, 0x0, 0x0, 0x3, 0x0,
    0x0, 0x0, 0x0, 0x0, 0x0, 0x4, 0xf1, 0x0,
    0x8, 0x20, 0x0, 0x0, 0x1, 0xff, 0x10, 0xb,
    0xf7, 0x0, 0x0, 0x0, 0x2f, 0xf1, 0xc, 0xff,
    0x94, 0x44, 0x44, 0x45, 0xff, 0x1b, 0xff, 0xff,
    0xff, 0xff, 0xff, 0xff, 0xf1, 0x8f, 0xff, 0xff,
    0xff, 0xff, 0xff, 0xfd, 0x0, 0x7f, 0xf7, 0x0,
    0x0, 0x0, 0x0, 0x0, 0x0, 0x6f, 0x60, 0x0,
    0x0, 0x0, 0x0, 0x0, 0x0, 0x30, 0x0, 0x0,
    0x0, 0x0, 0x0
};


/*---------------------
 *  GLYPH DESCRIPTION
 *--------------------*/

static const lv_font_fmt_txt_glyph_dsc_t glyph_dsc[] = {
    {.bitmap_index = 0, .adv_w = 0, .box_w = 0, .box_h = 0, .ofs_x = 0, .ofs_y = 0} /* id = 0 reserved */,
    {.bitmap_index = 0, .adv_w = 224, .box_w = 0, .box_h = 0, .ofs_x = 0, .ofs_y = 0},
    {.bitmap_index = 0, .adv_w = 224, .box_w = 6, .box_h = 13, .ofs_x = 3, .ofs_y = 2},
    {.bitmap_index = 39, .adv_w = 224, .box_w = 10, .box_h = 6, .ofs_x = 1, .ofs_y = 9},
    {.bitmap_index = 69, .adv_w = 224, .box_w = 13, .box_h = 13, .ofs_x = 0, .ofs_y = 2},
    {.bitmap_index = 154, .adv_w = 224, .box_w = 13, .box_h = 13, .ofs_x = 0, .ofs_y = 2},
    {.bitmap_index = 239, .adv_w = 224, .box_w = 13, .box_h = 13, .ofs_x = 0, .ofs_y = 2},
    {.bitmap_index = 324, .adv_w = 224, .box_w = 13, .box_h = 13, .ofs_x = 0, .ofs_y = 2},
    {.bitmap_index = 409, .adv_w = 224, .box_w = 4, .box_h = 6, .ofs_x = 3, .ofs_y = 9},
    {.bitmap_index = 421, .adv_w = 224, .box_w = 8, .box_h = 13, .ofs_x = 3, .ofs_y = 2},
    {.bitmap_index = 473, .adv_w = 224, .box_w = 8, .box_h = 13, .ofs_x = 1, .ofs_y = 2},
    {.bitmap_index = 525, .adv_w = 224, .box_w = 13, .box_h = 9, .ofs_x = 0, .ofs_y = 4},
    {.bitmap_index = 584, .adv_w = 224, .box_w = 12, .box_h = 10, .ofs_x = 1, .ofs_y = 4},
    {.bitmap_index = 644, .adv_w = 224, .box_w = 6, .box_h = 6, .ofs_x = 1, .ofs_y = 0},
    {.bitmap_index = 662, .adv_w = 224, .box_w = 12, .box_h = 2, .ofs_x = 1, .ofs_y = 7},
    {.bitmap_index = 674, .adv_w = 224, .box_w = 4, .box_h = 4, .ofs_x = 3, .ofs_y = 2},
    {.bitmap_index = 682, .adv_w = 224, .box_w = 13, .box_h = 13, .ofs_x = 0, .ofs_y = 2},
    {.bitmap_index = 767, .adv_w = 224, .box_w = 13, .box_h = 13, .ofs_x = 0, .ofs_y = 2},
    {.bitmap_index = 852, .adv_w = 224, .box_w = 12, .box_h = 13, .ofs_x = 1, .ofs_y = 2},
    {.bitmap_index = 930, .adv_w = 224, .box_w = 13, .box_h = 13, .ofs_x = 0, .ofs_y = 2},
    {.bitmap_index = 1015, .adv_w = 224, .box_w = 13, .box_h = 13, .ofs_x = 0, .ofs_y = 2},
    {.bitmap_index = 1100, .adv_w = 224, .box_w = 13, .box_h = 13, .ofs_x = 0, .ofs_y = 2},
    {.bitmap_index = 1185, .adv_w = 224, .box_w = 13, .box_h = 13, .ofs_x = 0, .ofs_y = 2},
    {.bitmap_index = 1270, .adv_w = 224, .box_w = 13, .box_h = 13, .ofs_x = 0, .ofs_y = 2},
    {.bitmap_index = 1355, .adv_w = 224, .box_w = 13, .box_h = 13, .ofs_x = 0, .ofs_y = 2},
    {.bitmap_index = 1440, .adv_w = 224, .box_w = 13, .box_h = 13, .ofs_x = 0, .ofs_y = 2},
    {.bitmap_index = 1525, .adv_w = 224, .box_w = 13, .box_h = 13, .ofs_x = 0, .ofs_y = 2},
    {.bitmap_index = 1610, .adv_w = 224, .box_w = 4, .box_h = 9, .ofs_x = 3, .ofs_y = 4},
    {.bitmap_index = 1628, .adv_w = 224, .box_w = 6, .box_h = 11, .ofs_x = 1, .ofs_y = 2},
    {.bitmap_index = 1661, .adv_w = 224, .box_w = 10, .box_h = 13, .ofs_x = 1, .ofs_y = 2},
    {.bitmap_index = 1726, .adv_w = 224, .box_w = 13, .box_h = 6, .ofs_x = 0, .ofs_y = 5},
    {.bitmap_index = 1765, .adv_w = 224, .box_w = 10, .box_h = 13, .ofs_x = 1, .ofs_y = 2},
    {.bitmap_index = 1830, .adv_w = 224, .box_w = 13, .box_h = 13, .ofs_x = 0, .ofs_y = 2},
    {.bitmap_index = 1915, .adv_w = 224, .box_w = 13, .box_h = 13, .ofs_x = 0, .ofs_y = 2},
    {.bitmap_index = 2000, .adv_w = 224, .box_w = 13, .box_h = 13, .ofs_x = 0, .ofs_y = 2},
    {.bitmap_index = 2085, .adv_w = 224, .box_w = 13, .box_h = 13, .ofs_x = 0, .ofs_y = 2},
    {.bitmap_index = 2170, .adv_w = 224, .box_w = 13, .box_h = 13, .ofs_x = 0, .ofs_y = 2},
    {.bitmap_index = 2255, .adv_w = 224, .box_w = 13, .box_h = 13, .ofs_x = 0, .ofs_y = 2},
    {.bitmap_index = 2340, .adv_w = 224, .box_w = 13, .box_h = 13, .ofs_x = 0, .ofs_y = 2},
    {.bitmap_index = 2425, .adv_w = 224, .box_w = 13, .box_h = 13, .ofs_x = 0, .ofs_y = 2},
    {.bitmap_index = 2510, .adv_w = 224, .box_w = 13, .box_h = 13, .ofs_x = 0, .ofs_y = 2},
    {.bitmap_index = 2595, .adv_w = 224, .box_w = 13, .box_h = 13, .ofs_x = 0, .ofs_y = 2},
    {.bitmap_index = 2680, .adv_w = 224, .box_w = 12, .box_h = 13, .ofs_x = 1, .ofs_y = 2},
    {.bitmap_index = 2758, .adv_w = 224, .box_w = 13, .box_h = 13, .ofs_x = 0, .ofs_y = 2},
    {.bitmap_index = 2843, .adv_w = 224, .box_w = 13, .box_h = 13, .ofs_x = 0, .ofs_y = 2},
    {.bitmap_index = 2928, .adv_w = 224, .box_w = 12, .box_h = 13, .ofs_x = 1, .ofs_y = 2},
    {.bitmap_index = 3006, .adv_w = 224, .box_w = 13, .box_h = 13, .ofs_x = 0, .ofs_y = 2},
    {.bitmap_index = 3091, .adv_w = 224, .box_w = 13, .box_h = 13, .ofs_x = 0, .ofs_y = 2},
    {.bitmap_index = 3176, .adv_w = 224, .box_w = 13, .box_h = 13, .ofs_x = 0, .ofs_y = 2},
    {.bitmap_index = 3261, .adv_w = 224, .box_w = 13, .box_h = 13, .ofs_x = 0, .ofs_y = 2},
    {.bitmap_index = 3346, .adv_w = 224, .box_w = 13, .box_h = 13, .ofs_x = 0, .ofs_y = 2},
    {.bitmap_index = 3431, .adv_w = 224, .box_w = 13, .box_h = 13, .ofs_x = 0, .ofs_y = 2},
    {.bitmap_index = 3516, .adv_w = 224, .box_w = 13, .box_h = 13, .ofs_x = 0, .ofs_y = 2},
    {.bitmap_index = 3601, .adv_w = 224, .box_w = 12, .box_h = 13, .ofs_x = 1, .ofs_y = 2},
    {.bitmap_index = 3679, .adv_w = 224, .box_w = 13, .box_h = 13, .ofs_x = 0, .ofs_y = 2},
    {.bitmap_index = 3764, .adv_w = 224, .box_w = 13, .box_h = 13, .ofs_x = 0, .ofs_y = 2},
    {.bitmap_index = 3849, .adv_w = 224, .box_w = 13, .box_h = 13, .ofs_x = 0, .ofs_y = 2},
    {.bitmap_index = 3934, .adv_w = 224, .box_w = 13, .box_h = 13, .ofs_x = 0, .ofs_y = 2},
    {.bitmap_index = 4019, .adv_w = 224, .box_w = 12, .box_h = 13, .ofs_x = 1, .ofs_y = 2},
    {.bitmap_index = 4097, .adv_w = 224, .box_w = 13, .box_h = 13, .ofs_x = 0, .ofs_y = 2},
    {.bitmap_index = 4182, .adv_w = 224, .box_w = 8, .box_h = 13, .ofs_x = 3, .ofs_y = 2},
    {.bitmap_index = 4234, .adv_w = 224, .box_w = 13, .box_h = 13, .ofs_x = 0, .ofs_y = 2},
    {.bitmap_index = 4319, .adv_w = 224, .box_w = 8, .box_h = 13, .ofs_x = 1, .ofs_y = 2},
    {.bitmap_index = 4371, .adv_w = 224, .box_w = 10, .box_h = 4, .ofs_x = 1, .ofs_y = 11},
    {.bitmap_index = 4391, .adv_w = 224, .box_w = 13, .box_h = 2, .ofs_x = 0, .ofs_y = 0},
    {.bitmap_index = 4404, .adv_w = 224, .box_w = 4, .box_h = 4, .ofs_x = 5, .ofs_y = 11},
    {.bitmap_index = 4412, .adv_w = 224, .box_w = 13, .box_h = 9, .ofs_x = 0, .ofs_y = 2},
    {.bitmap_index = 4471, .adv_w = 224, .box_w = 13, .box_h = 13, .ofs_x = 0, .ofs_y = 2},
    {.bitmap_index = 4556, .adv_w = 224, .box_w = 13, .box_h = 9, .ofs_x = 0, .ofs_y = 2},
    {.bitmap_index = 4615, .adv_w = 224, .box_w = 13, .box_h = 13, .ofs_x = 0, .ofs_y = 2},
    {.bitmap_index = 4700, .adv_w = 224, .box_w = 13, .box_h = 9, .ofs_x = 0, .ofs_y = 2},
    {.bitmap_index = 4759, .adv_w = 224, .box_w = 12, .box_h = 13, .ofs_x = 1, .ofs_y = 2},
    {.bitmap_index = 4837, .adv_w = 224, .box_w = 13, .box_h = 11, .ofs_x = 0, .ofs_y = 0},
    {.bitmap_index = 4909, .adv_w = 224, .box_w = 13, .box_h = 13, .ofs_x = 0, .ofs_y = 2},
    {.bitmap_index = 4994, .adv_w = 224, .box_w = 12, .box_h = 13, .ofs_x = 1, .ofs_y = 2},
    {.bitmap_index = 5072, .adv_w = 224, .box_w = 10, .box_h = 15, .ofs_x = 1, .ofs_y = 0},
    {.bitmap_index = 5147, .adv_w = 224, .box_w = 13, .box_h = 13, .ofs_x = 0, .ofs_y = 2},
    {.bitmap_index = 5232, .adv_w = 224, .box_w = 12, .box_h = 13, .ofs_x = 1, .ofs_y = 2},
    {.bitmap_index = 5310, .adv_w = 224, .box_w = 13, .box_h = 9, .ofs_x = 0, .ofs_y = 2},
    {.bitmap_index = 5369, .adv_w = 224, .box_w = 13, .box_h = 9, .ofs_x = 0, .ofs_y = 2},
    {.bitmap_index = 5428, .adv_w = 224, .box_w = 13, .box_h = 9, .ofs_x = 0, .ofs_y = 2},
    {.bitmap_index = 5487, .adv_w = 224, .box_w = 13, .box_h = 11, .ofs_x = 0, .ofs_y = 0},
    {.bitmap_index = 5559, .adv_w = 224, .box_w = 13, .box_h = 11, .ofs_x = 0, .ofs_y = 0},
    {.bitmap_index = 5631, .adv_w = 224, .box_w = 12, .box_h = 9, .ofs_x = 1, .ofs_y = 2},
    {.bitmap_index = 5685, .adv_w = 224, .box_w = 13, .box_h = 9, .ofs_x = 0, .ofs_y = 2},
    {.bitmap_index = 5744, .adv_w = 224, .box_w = 12, .box_h = 13, .ofs_x = 1, .ofs_y = 2},
    {.bitmap_index = 5822, .adv_w = 224, .box_w = 13, .box_h = 9, .ofs_x = 0, .ofs_y = 2},
    {.bitmap_index = 5881, .adv_w = 224, .box_w = 12, .box_h = 9, .ofs_x = 1, .ofs_y = 2},
    {.bitmap_index = 5935, .adv_w = 224, .box_w = 13, .box_h = 9, .ofs_x = 0, .ofs_y = 2},
    {.bitmap_index = 5994, .adv_w = 224, .box_w = 13, .box_h = 9, .ofs_x = 0, .ofs_y = 2},
    {.bitmap_index = 6053, .adv_w = 224, .box_w = 13, .box_h = 11, .ofs_x = 0, .ofs_y = 0},
    {.bitmap_index = 6125, .adv_w = 224, .box_w = 13, .box_h = 9, .ofs_x = 0, .ofs_y = 2},
    {.bitmap_index = 6184, .adv_w = 224, .box_w = 8, .box_h = 13, .ofs_x = 3, .ofs_y = 2},
    {.bitmap_index = 6236, .adv_w = 224, .box_w = 4, .box_h = 13, .ofs_x = 5, .ofs_y = 2},
    {.bitmap_index = 6262, .adv_w = 224, .box_w = 8, .box_h = 13, .ofs_x = 1, .ofs_y = 2},
    {.bitmap_index = 6314, .adv_w = 224, .box_w = 13, .box_h = 6, .ofs_x = 0, .ofs_y = 6},
    {.bitmap_index = 6353, .adv_w = 224, .box_w = 10, .box_h = 4, .ofs_x = 1, .ofs_y = 2},
    {.bitmap_index = 6373, .adv_w = 224, .box_w = 6, .box_h = 6, .ofs_x = 3, .ofs_y = 9},
    {.bitmap_index = 6391, .adv_w = 224, .box_w = 13, .box_h = 13, .ofs_x = 0, .ofs_y = 2},
    {.bitmap_index = 6476, .adv_w = 224, .box_w = 13, .box_h = 13, .ofs_x = 0, .ofs_y = 2},
    {.bitmap_index = 6561, .adv_w = 224, .box_w = 13, .box_h = 15, .ofs_x = 0, .ofs_y = 0},
    {.bitmap_index = 6659, .adv_w = 224, .box_w = 12, .box_h = 13, .ofs_x = 1, .ofs_y = 2},
    {.bitmap_index = 6737, .adv_w = 224, .box_w = 13, .box_h = 13, .ofs_x = 0, .ofs_y = 2},
    {.bitmap_index = 6822, .adv_w = 224, .box_w = 13, .box_h = 13, .ofs_x = 0, .ofs_y = 2},
    {.bitmap_index = 6907, .adv_w = 224, .box_w = 12, .box_h = 13, .ofs_x = 1, .ofs_y = 2},
    {.bitmap_index = 6985, .adv_w = 224, .box_w = 12, .box_h = 13, .ofs_x = 1, .ofs_y = 2},
    {.bitmap_index = 7063, .adv_w = 224, .box_w = 13, .box_h = 13, .ofs_x = 0, .ofs_y = 2},
    {.bitmap_index = 7148, .adv_w = 224, .box_w = 13, .box_h = 13, .ofs_x = 0, .ofs_y = 2},
    {.bitmap_index = 7233, .adv_w = 224, .box_w = 13, .box_h = 13, .ofs_x = 0, .ofs_y = 2},
    {.bitmap_index = 7318, .adv_w = 224, .box_w = 13, .box_h = 13, .ofs_x = 0, .ofs_y = 2},
    {.bitmap_index = 7403, .adv_w = 224, .box_w = 13, .box_h = 13, .ofs_x = 0, .ofs_y = 2},
    {.bitmap_index = 7488, .adv_w = 224, .box_w = 13, .box_h = 13, .ofs_x = 0, .ofs_y = 2},
    {.bitmap_index = 7573, .adv_w = 224, .box_w = 13, .box_h = 15, .ofs_x = 0, .ofs_y = 0},
    {.bitmap_index = 7671, .adv_w = 224, .box_w = 13, .box_h = 15, .ofs_x = 0, .ofs_y = 0},
    {.bitmap_index = 7769, .adv_w = 224, .box_w = 13, .box_h = 13, .ofs_x = 0, .ofs_y = 2},
    {.bitmap_index = 7854, .adv_w = 224, .box_w = 13, .box_h = 13, .ofs_x = 0, .ofs_y = 2},
    {.bitmap_index = 7939, .adv_w = 224, .box_w = 13, .box_h = 13, .ofs_x = 0, .ofs_y = 2},
    {.bitmap_index = 8024, .adv_w = 224, .box_w = 12, .box_h = 13, .ofs_x = 1, .ofs_y = 2},
    {.bitmap_index = 8102, .adv_w = 224, .box_w = 14, .box_h = 15, .ofs_x = 0, .ofs_y = 0},
    {.bitmap_index = 8207, .adv_w = 224, .box_w = 13, .box_h = 13, .ofs_x = 0, .ofs_y = 2},
    {.bitmap_index = 8292, .adv_w = 224, .box_w = 13, .box_h = 13, .ofs_x = 0, .ofs_y = 2},
    {.bitmap_index = 8377, .adv_w = 224, .box_w = 13, .box_h = 13, .ofs_x = 0, .ofs_y = 2},
    {.bitmap_index = 8462, .adv_w = 224, .box_w = 13, .box_h = 13, .ofs_x = 0, .ofs_y = 2},
    {.bitmap_index = 8547, .adv_w = 224, .box_w = 13, .box_h = 13, .ofs_x = 0, .ofs_y = 2},
    {.bitmap_index = 8632, .adv_w = 224, .box_w = 13, .box_h = 13, .ofs_x = 0, .ofs_y = 2},
    {.bitmap_index = 8717, .adv_w = 224, .box_w = 13, .box_h = 13, .ofs_x = 0, .ofs_y = 2},
    {.bitmap_index = 8802, .adv_w = 224, .box_w = 13, .box_h = 13, .ofs_x = 0, .ofs_y = 2},
    {.bitmap_index = 8887, .adv_w = 224, .box_w = 13, .box_h = 13, .ofs_x = 0, .ofs_y = 2},
    {.bitmap_index = 8972, .adv_w = 224, .box_w = 13, .box_h = 13, .ofs_x = 0, .ofs_y = 2},
    {.bitmap_index = 9057, .adv_w = 224, .box_w = 13, .box_h = 13, .ofs_x = 0, .ofs_y = 2},
    {.bitmap_index = 9142, .adv_w = 224, .box_w = 13, .box_h = 13, .ofs_x = 0, .ofs_y = 2},
    {.bitmap_index = 9227, .adv_w = 224, .box_w = 13, .box_h = 13, .ofs_x = 0, .ofs_y = 2},
    {.bitmap_index = 9312, .adv_w = 224, .box_w = 12, .box_h = 13, .ofs_x = 1, .ofs_y = 2},
    {.bitmap_index = 9390, .adv_w = 224, .box_w = 13, .box_h = 13, .ofs_x = 0, .ofs_y = 2},
    {.bitmap_index = 9475, .adv_w = 224, .box_w = 13, .box_h = 13, .ofs_x = 0, .ofs_y = 2},
    {.bitmap_index = 9560, .adv_w = 224, .box_w = 13, .box_h = 13, .ofs_x = 0, .ofs_y = 2},
    {.bitmap_index = 9645, .adv_w = 224, .box_w = 13, .box_h = 15, .ofs_x = 0, .ofs_y = 0},
    {.bitmap_index = 9743, .adv_w = 224, .box_w = 13, .box_h = 13, .ofs_x = 0, .ofs_y = 2},
    {.bitmap_index = 9828, .adv_w = 224, .box_w = 13, .box_h = 13, .ofs_x = 0, .ofs_y = 2},
    {.bitmap_index = 9913, .adv_w = 224, .box_w = 14, .box_h = 15, .ofs_x = 0, .ofs_y = 0},
    {.bitmap_index = 10018, .adv_w = 224, .box_w = 13, .box_h = 13, .ofs_x = 0, .ofs_y = 2},
    {.bitmap_index = 10103, .adv_w = 224, .box_w = 13, .box_h = 13, .ofs_x = 0, .ofs_y = 2},
    {.bitmap_index = 10188, .adv_w = 224, .box_w = 13, .box_h = 13, .ofs_x = 0, .ofs_y = 2},
    {.bitmap_index = 10273, .adv_w = 224, .box_w = 13, .box_h = 13, .ofs_x = 0, .ofs_y = 2},
    {.bitmap_index = 10358, .adv_w = 224, .box_w = 13, .box_h = 13, .ofs_x = 0, .ofs_y = 2},
    {.bitmap_index = 10443, .adv_w = 224, .box_w = 13, .box_h = 13, .ofs_x = 0, .ofs_y = 2},
    {.bitmap_index = 10528, .adv_w = 224, .box_w = 13, .box_h = 9, .ofs_x = 0, .ofs_y = 2},
    {.bitmap_index = 10587, .adv_w = 224, .box_w = 13, .box_h = 13, .ofs_x = 0, .ofs_y = 2},
    {.bitmap_index = 10672, .adv_w = 224, .box_w = 13, .box_h = 9, .ofs_x = 0, .ofs_y = 2},
    {.bitmap_index = 10731, .adv_w = 224, .box_w = 12, .box_h = 9, .ofs_x = 1, .ofs_y = 2},
    {.bitmap_index = 10785, .adv_w = 224, .box_w = 14, .box_h = 11, .ofs_x = 0, .ofs_y = 0},
    {.bitmap_index = 10862, .adv_w = 224, .box_w = 13, .box_h = 9, .ofs_x = 0, .ofs_y = 2},
    {.bitmap_index = 10921, .adv_w = 224, .box_w = 13, .box_h = 9, .ofs_x = 0, .ofs_y = 2},
    {.bitmap_index = 10980, .adv_w = 224, .box_w = 13, .box_h = 9, .ofs_x = 0, .ofs_y = 2},
    {.bitmap_index = 11039, .adv_w = 224, .box_w = 13, .box_h = 9, .ofs_x = 0, .ofs_y = 2},
    {.bitmap_index = 11098, .adv_w = 224, .box_w = 13, .box_h = 13, .ofs_x = 0, .ofs_y = 2},
    {.bitmap_index = 11183, .adv_w = 224, .box_w = 13, .box_h = 9, .ofs_x = 0, .ofs_y = 2},
    {.bitmap_index = 11242, .adv_w = 224, .box_w = 13, .box_h = 9, .ofs_x = 0, .ofs_y = 2},
    {.bitmap_index = 11301, .adv_w = 224, .box_w = 13, .box_h = 9, .ofs_x = 0, .ofs_y = 2},
    {.bitmap_index = 11360, .adv_w = 224, .box_w = 13, .box_h = 9, .ofs_x = 0, .ofs_y = 2},
    {.bitmap_index = 11419, .adv_w = 224, .box_w = 13, .box_h = 9, .ofs_x = 0, .ofs_y = 2},
    {.bitmap_index = 11478, .adv_w = 224, .box_w = 13, .box_h = 9, .ofs_x = 0, .ofs_y = 2},
    {.bitmap_index = 11537, .adv_w = 224, .box_w = 13, .box_h = 11, .ofs_x = 0, .ofs_y = 0},
    {.bitmap_index = 11609, .adv_w = 224, .box_w = 13, .box_h = 9, .ofs_x = 0, .ofs_y = 2},
    {.bitmap_index = 11668, .adv_w = 224, .box_w = 12, .box_h = 9, .ofs_x = 1, .ofs_y = 2},
    {.bitmap_index = 11722, .adv_w = 224, .box_w = 13, .box_h = 11, .ofs_x = 0, .ofs_y = 0},
    {.bitmap_index = 11794, .adv_w = 224, .box_w = 13, .box_h = 13, .ofs_x = 0, .ofs_y = 0},
    {.bitmap_index = 11879, .adv_w = 224, .box_w = 13, .box_h = 9, .ofs_x = 0, .ofs_y = 2},
    {.bitmap_index = 11938, .adv_w = 224, .box_w = 13, .box_h = 11, .ofs_x = 0, .ofs_y = 0},
    {.bitmap_index = 12010, .adv_w = 224, .box_w = 13, .box_h = 9, .ofs_x = 0, .ofs_y = 2},
    {.bitmap_index = 12069, .adv_w = 224, .box_w = 13, .box_h = 9, .ofs_x = 0, .ofs_y = 2},
    {.bitmap_index = 12128, .adv_w = 224, .box_w = 14, .box_h = 11, .ofs_x = 0, .ofs_y = 0},
    {.bitmap_index = 12205, .adv_w = 224, .box_w = 13, .box_h = 9, .ofs_x = 0, .ofs_y = 2},
    {.bitmap_index = 12264, .adv_w = 224, .box_w = 13, .box_h = 9, .ofs_x = 0, .ofs_y = 2},
    {.bitmap_index = 12323, .adv_w = 224, .box_w = 13, .box_h = 9, .ofs_x = 0, .ofs_y = 2},
    {.bitmap_index = 12382, .adv_w = 224, .box_w = 13, .box_h = 9, .ofs_x = 0, .ofs_y = 2},
    {.bitmap_index = 12441, .adv_w = 224, .box_w = 13, .box_h = 9, .ofs_x = 0, .ofs_y = 2},
    {.bitmap_index = 12500, .adv_w = 224, .box_w = 13, .box_h = 9, .ofs_x = 0, .ofs_y = 2},
    {.bitmap_index = 12559, .adv_w = 224, .box_w = 13, .box_h = 13, .ofs_x = 0, .ofs_y = 2},
    {.bitmap_index = 12644, .adv_w = 224, .box_w = 13, .box_h = 13, .ofs_x = 0, .ofs_y = 2},
    {.bitmap_index = 12729, .adv_w = 224, .box_w = 13, .box_h = 15, .ofs_x = 0, .ofs_y = 0},
    {.bitmap_index = 12827, .adv_w = 224, .box_w = 12, .box_h = 13, .ofs_x = 1, .ofs_y = 2},
    {.bitmap_index = 12905, .adv_w = 224, .box_w = 13, .box_h = 9, .ofs_x = 0, .ofs_y = 2},
    {.bitmap_index = 12964, .adv_w = 224, .box_w = 13, .box_h = 9, .ofs_x = 0, .ofs_y = 2},
    {.bitmap_index = 13023, .adv_w = 224, .box_w = 12, .box_h = 13, .ofs_x = 1, .ofs_y = 2},
    {.bitmap_index = 13101, .adv_w = 224, .box_w = 12, .box_h = 13, .ofs_x = 1, .ofs_y = 2},
    {.bitmap_index = 13179, .adv_w = 224, .box_w = 10, .box_h = 15, .ofs_x = 1, .ofs_y = 0},
    {.bitmap_index = 13254, .adv_w = 224, .box_w = 13, .box_h = 9, .ofs_x = 0, .ofs_y = 2},
    {.bitmap_index = 13313, .adv_w = 224, .box_w = 13, .box_h = 9, .ofs_x = 0, .ofs_y = 2},
    {.bitmap_index = 13372, .adv_w = 224, .box_w = 13, .box_h = 13, .ofs_x = 0, .ofs_y = 2},
    {.bitmap_index = 13457, .adv_w = 224, .box_w = 13, .box_h = 13, .ofs_x = 0, .ofs_y = 2},
    {.bitmap_index = 13542, .adv_w = 224, .box_w = 13, .box_h = 13, .ofs_x = 0, .ofs_y = 2},
    {.bitmap_index = 13627, .adv_w = 224, .box_w = 13, .box_h = 15, .ofs_x = 0, .ofs_y = 0},
    {.bitmap_index = 13725, .adv_w = 224, .box_w = 13, .box_h = 11, .ofs_x = 0, .ofs_y = 0},
    {.bitmap_index = 13797, .adv_w = 224, .box_w = 8, .box_h = 8, .ofs_x = 3, .ofs_y = 3},
    {.bitmap_index = 13829, .adv_w = 224, .box_w = 15, .box_h = 15, .ofs_x = -1, .ofs_y = -2},
    {.bitmap_index = 13942, .adv_w = 224, .box_w = 14, .box_h = 11, .ofs_x = 0, .ofs_y = 0},
    {.bitmap_index = 14019, .adv_w = 224, .box_w = 14, .box_h = 13, .ofs_x = 0, .ofs_y = -1},
    {.bitmap_index = 14110, .adv_w = 224, .box_w = 14, .box_h = 11, .ofs_x = 0, .ofs_y = 0},
    {.bitmap_index = 14187, .adv_w = 154, .box_w = 10, .box_h = 11, .ofs_x = 0, .ofs_y = 0},
    {.bitmap_index = 14242, .adv_w = 224, .box_w = 14, .box_h = 15, .ofs_x = 0, .ofs_y = -2},
    {.bitmap_index = 14347, .adv_w = 224, .box_w = 14, .box_h = 15, .ofs_x = 0, .ofs_y = -2},
    {.bitmap_index = 14452, .adv_w = 252, .box_w = 16, .box_h = 13, .ofs_x = 0, .ofs_y = -1},
    {.bitmap_index = 14556, .adv_w = 224, .box_w = 14, .box_h = 15, .ofs_x = 0, .ofs_y = -2},
    {.bitmap_index = 14661, .adv_w = 252, .box_w = 16, .box_h = 11, .ofs_x = 0, .ofs_y = 0},
    {.bitmap_index = 14749, .adv_w = 224, .box_w = 14, .box_h = 15, .ofs_x = 0, .ofs_y = -2},
    {.bitmap_index = 14854, .adv_w = 112, .box_w = 7, .box_h = 12, .ofs_x = 0, .ofs_y = -1},
    {.bitmap_index = 14896, .adv_w = 168, .box_w = 11, .box_h = 12, .ofs_x = 0, .ofs_y = -1},
    {.bitmap_index = 14962, .adv_w = 252, .box_w = 16, .box_h = 14, .ofs_x = 0, .ofs_y = -2},
    {.bitmap_index = 15074, .adv_w = 224, .box_w = 14, .box_h = 11, .ofs_x = 0, .ofs_y = 0},
    {.bitmap_index = 15151, .adv_w = 154, .box_w = 10, .box_h = 15, .ofs_x = 0, .ofs_y = -2},
    {.bitmap_index = 15226, .adv_w = 196, .box_w = 10, .box_h = 14, .ofs_x = 1, .ofs_y = -2},
    {.bitmap_index = 15296, .adv_w = 196, .box_w = 13, .box_h = 15, .ofs_x = 0, .ofs_y = -2},
    {.bitmap_index = 15394, .adv_w = 196, .box_w = 13, .box_h = 13, .ofs_x = 0, .ofs_y = -1},
    {.bitmap_index = 15479, .adv_w = 196, .box_w = 13, .box_h = 13, .ofs_x = 0, .ofs_y = -1},
    {.bitmap_index = 15564, .adv_w = 196, .box_w = 10, .box_h = 14, .ofs_x = 1, .ofs_y = -2},
    {.bitmap_index = 15634, .adv_w = 196, .box_w = 14, .box_h = 13, .ofs_x = -1, .ofs_y = -1},
    {.bitmap_index = 15725, .adv_w = 140, .box_w = 9, .box_h = 13, .ofs_x = 0, .ofs_y = -1},
    {.bitmap_index = 15784, .adv_w = 140, .box_w = 9, .box_h = 13, .ofs_x = 0, .ofs_y = -1},
    {.bitmap_index = 15843, .adv_w = 196, .box_w = 13, .box_h = 13, .ofs_x = 0, .ofs_y = -1},
    {.bitmap_index = 15928, .adv_w = 196, .box_w = 13, .box_h = 4, .ofs_x = 0, .ofs_y = 3},
    {.bitmap_index = 15954, .adv_w = 252, .box_w = 16, .box_h = 11, .ofs_x = 0, .ofs_y = 0},
    {.bitmap_index = 16042, .adv_w = 280, .box_w = 18, .box_h = 15, .ofs_x = 0, .ofs_y = -2},
    {.bitmap_index = 16177, .adv_w = 252, .box_w = 17, .box_h = 15, .ofs_x = -1, .ofs_y = -2},
    {.bitmap_index = 16305, .adv_w = 224, .box_w = 14, .box_h = 13, .ofs_x = 0, .ofs_y = -1},
    {.bitmap_index = 16396, .adv_w = 196, .box_w = 13, .box_h = 8, .ofs_x = 0, .ofs_y = 1},
    {.bitmap_index = 16448, .adv_w = 196, .box_w = 13, .box_h = 8, .ofs_x = 0, .ofs_y = 1},
    {.bitmap_index = 16500, .adv_w = 280, .box_w = 18, .box_h = 11, .ofs_x = 0, .ofs_y = 0},
    {.bitmap_index = 16599, .adv_w = 224, .box_w = 14, .box_h = 11, .ofs_x = 0, .ofs_y = 0},
    {.bitmap_index = 16676, .adv_w = 224, .box_w = 14, .box_h = 15, .ofs_x = 0, .ofs_y = -2},
    {.bitmap_index = 16781, .adv_w = 224, .box_w = 15, .box_h = 15, .ofs_x = -1, .ofs_y = -2},
    {.bitmap_index = 16894, .adv_w = 196, .box_w = 13, .box_h = 13, .ofs_x = 0, .ofs_y = -1},
    {.bitmap_index = 16979, .adv_w = 196, .box_w = 13, .box_h = 15, .ofs_x = 0, .ofs_y = -2},
    {.bitmap_index = 17077, .adv_w = 196, .box_w = 13, .box_h = 13, .ofs_x = 0, .ofs_y = -1},
    {.bitmap_index = 17162, .adv_w = 196, .box_w = 13, .box_h = 12, .ofs_x = 0, .ofs_y = -1},
    {.bitmap_index = 17240, .adv_w = 224, .box_w = 14, .box_h = 11, .ofs_x = 0, .ofs_y = 0},
    {.bitmap_index = 17317, .adv_w = 140, .box_w = 10, .box_h = 15, .ofs_x = -1, .ofs_y = -2},
    {.bitmap_index = 17392, .adv_w = 196, .box_w = 13, .box_h = 15, .ofs_x = 0, .ofs_y = -2},
    {.bitmap_index = 17490, .adv_w = 196, .box_w = 13, .box_h = 15, .ofs_x = 0, .ofs_y = -2},
    {.bitmap_index = 17588, .adv_w = 252, .box_w = 16, .box_h = 11, .ofs_x = 0, .ofs_y = 0},
    {.bitmap_index = 17676, .adv_w = 224, .box_w = 16, .box_h = 15, .ofs_x = -1, .ofs_y = -2},
    {.bitmap_index = 17796, .adv_w = 168, .box_w = 11, .box_h = 15, .ofs_x = 0, .ofs_y = -2},
    {.bitmap_index = 17879, .adv_w = 280, .box_w = 18, .box_h = 13, .ofs_x = 0, .ofs_y = -1},
    {.bitmap_index = 17996, .adv_w = 280, .box_w = 18, .box_h = 10, .ofs_x = 0, .ofs_y = 0},
    {.bitmap_index = 18086, .adv_w = 280, .box_w = 18, .box_h = 10, .ofs_x = 0, .ofs_y = 0},
    {.bitmap_index = 18176, .adv_w = 280, .box_w = 18, .box_h = 10, .ofs_x = 0, .ofs_y = 0},
    {.bitmap_index = 18266, .adv_w = 280, .box_w = 18, .box_h = 10, .ofs_x = 0, .ofs_y = 0},
    {.bitmap_index = 18356, .adv_w = 280, .box_w = 18, .box_h = 10, .ofs_x = 0, .ofs_y = 0},
    {.bitmap_index = 18446, .adv_w = 280, .box_w = 18, .box_h = 12, .ofs_x = 0, .ofs_y = -1},
    {.bitmap_index = 18554, .adv_w = 196, .box_w = 12, .box_h = 15, .ofs_x = 0, .ofs_y = -2},
    {.bitmap_index = 18644, .adv_w = 196, .box_w = 13, .box_h = 15, .ofs_x = 0, .ofs_y = -2},
    {.bitmap_index = 18742, .adv_w = 224, .box_w = 15, .box_h = 15, .ofs_x = -1, .ofs_y = -2},
    {.bitmap_index = 18855, .adv_w = 280, .box_w = 18, .box_h = 11, .ofs_x = 0, .ofs_y = 0},
    {.bitmap_index = 18954, .adv_w = 168, .box_w = 11, .box_h = 15, .ofs_x = 0, .ofs_y = -2},
    {.bitmap_index = 19037, .adv_w = 225, .box_w = 15, .box_h = 10, .ofs_x = 0, .ofs_y = 0}
};

/*---------------------
 *  CHARACTER MAPPING
 *--------------------*/

static const uint16_t unicode_list_3[] = {
    0x0, 0xcfdf, 0xcfe6, 0xcfe9, 0xcfea, 0xcfeb, 0xcfef, 0xcff1,
    0xcff3, 0xcff7, 0xcffa, 0xcfff, 0xd004, 0xd005, 0xd006, 0xd01c,
    0xd021, 0xd026, 0xd029, 0xd02a, 0xd02b, 0xd02f, 0xd030, 0xd031,
    0xd032, 0xd045, 0xd046, 0xd04c, 0xd04e, 0xd04f, 0xd052, 0xd055,
    0xd056, 0xd057, 0xd059, 0xd071, 0xd073, 0xd0a2, 0xd0a3, 0xd0a5,
    0xd0a7, 0xd0be, 0xd0c5, 0xd0c8, 0xd0d1, 0xd0fa, 0xd102, 0xd139,
    0xd1c9, 0xd21e, 0xd21f, 0xd220, 0xd221, 0xd222, 0xd265, 0xd271,
    0xd2cb, 0xd2e2, 0xd538, 0xd7a0, 0xd880
};

/*Collect the unicode lists and glyph_id offsets*/
static const lv_font_fmt_txt_cmap_t cmaps[] =
{
    {
        .range_start = 32, .range_length = 96, .glyph_id_start = 1,
        .unicode_list = NULL, .glyph_id_ofs_list = NULL, .list_length = 0, .type = LV_FONT_FMT_TXT_CMAP_FORMAT0_TINY
    },
    {
        .range_start = 176, .range_length = 1, .glyph_id_start = 97,
        .unicode_list = NULL, .glyph_id_ofs_list = NULL, .list_length = 0, .type = LV_FONT_FMT_TXT_CMAP_FORMAT0_TINY
    },
    {
        .range_start = 1024, .range_length = 96, .glyph_id_start = 98,
        .unicode_list = NULL, .glyph_id_ofs_list = NULL, .list_length = 0, .type = LV_FONT_FMT_TXT_CMAP_FORMAT0_TINY
    },
    {
        .range_start = 8226, .range_length = 55425, .glyph_id_start = 194,
        .unicode_list = unicode_list_3, .glyph_id_ofs_list = NULL, .list_length = 61, .type = LV_FONT_FMT_TXT_CMAP_SPARSE_TINY
    }
};



/*--------------------
 *  ALL CUSTOM DATA
 *--------------------*/

#if LVGL_VERSION_MAJOR == 8
/*Store all the custom data of the font*/
static  lv_font_fmt_txt_glyph_cache_t cache;
#endif

#if LVGL_VERSION_MAJOR >= 8
static const lv_font_fmt_txt_dsc_t font_dsc = {
#else
static lv_font_fmt_txt_dsc_t font_dsc = {
#endif
    .glyph_bitmap = glyph_bitmap,
    .glyph_dsc = glyph_dsc,
    .cmaps = cmaps,
    .kern_dsc = NULL,
    .kern_scale = 0,
    .cmap_num = 4,
    .bpp = 4,
    .kern_classes = 0,
    .bitmap_format = 0,
#if LVGL_VERSION_MAJOR == 8
    .cache = &cache
#endif
};



/*-----------------
 *  PUBLIC FONT
 *----------------*/

/*Initialize a public general font descriptor*/
#if LVGL_VERSION_MAJOR >= 8
const lv_font_t ru_pixel_14 = {
#else
lv_font_t ru_pixel_14 = {
#endif
    .get_glyph_dsc = lv_font_get_glyph_dsc_fmt_txt,    /*Function pointer to get glyph's data*/
    .get_glyph_bitmap = lv_font_get_bitmap_fmt_txt,    /*Function pointer to get glyph's bitmap*/
    .line_height = 17,          /*The maximum line height required by the font*/
    .base_line = 2,             /*Baseline measured from the bottom of the line*/
#if !(LVGL_VERSION_MAJOR == 6 && LVGL_VERSION_MINOR == 0)
    .subpx = LV_FONT_SUBPX_NONE,
#endif
#if LV_VERSION_CHECK(7, 4, 0) || LVGL_VERSION_MAJOR >= 8
    .underline_position = -1,
    .underline_thickness = 1,
#endif
    .dsc = &font_dsc,          /*The custom font data. Will be accessed by `get_glyph_bitmap/dsc` */
#if LV_VERSION_CHECK(8, 2, 0) || LVGL_VERSION_MAJOR >= 9
    .fallback = NULL,
#endif
    .user_data = NULL,
};



#endif /*#if RU_PIXEL_14*/

